source_id,tract_geoid
CH4_1B2_250m_-103.21373_32.31369?status=not_deleted,35025000900
CH4_1B2_250m_-103.50142_32.10114?status=not_deleted,35025000900
CH4_1B2_250m_-104.48406_32.08275?status=not_deleted,35015000700
CH4_1B2_250m_-104.17437_32.58425?status=not_deleted,35015000900
CH4_1B2_250m_-104.28791_32.76421?status=not_deleted,35015000900
CH4_1B2_250m_-104.22301_32.75564?status=not_deleted,35015000900
CH4_1B2_250m_-104.21280_32.75689?status=not_deleted,35015000900
CH4_1B2_250m_-103.97409_32.25949?status=not_deleted,35015000800
CH4_1B2_250m_-104.19716_32.15062?status=not_deleted,35015000800
CH4_1B2_250m_-104.06070_32.04792?status=not_deleted,35015000800
CH4_1B2_250m_-103.53348_32.05738?status=not_deleted,35025000900
CH4_1B2_250m_-103.93911_32.06572?status=not_deleted,35015000800
CH4_1B2_250m_-103.62130_32.30835?status=not_deleted,35025000900
CH4_1B2_250m_-103.45180_32.35713?status=not_deleted,35025000900
CH4_1B2_250m_-103.24916_32.33084?status=not_deleted,35025000900
CH4_1B2_250m_-103.58495_32.08940?status=not_deleted,35025000900
CH4_1B2_250m_-103.97788_32.01806?status=not_deleted,35015000800
CH4_1B2_250m_-103.99722_32.06343?status=not_deleted,35015000800
CH4_1B2_250m_-104.11776_32.02621?status=not_deleted,35015000800
CH4_1B2_250m_-104.27510_32.49197?status=not_deleted,35015000700
CH4_1B2_250m_-103.87262_32.05605?status=not_deleted,35015000800
CH4_1B2_250m_-104.00355_32.19628?status=not_deleted,35015000800
CH4_1B2_250m_-104.05529_32.61483?status=not_deleted,35015000900
CH4_1B2_250m_-103.46906_32.20317?status=not_deleted,35025000900
CH4_1B2_250m_-103.55818_32.19830?status=not_deleted,35025000900
CH4_1B2_250m_-103.60164_32.57673?status=not_deleted,35025000702
CH4_1B2_250m_-103.52770_32.21684?status=not_deleted,35025000900
CH4_1B2_250m_-103.74467_32.22692?status=not_deleted,35015000800
CH4_1B2_250m_-103.51286_32.23844?status=not_deleted,35025000900
CH4_1B2_250m_-103.79618_32.30705?status=not_deleted,35015000800
CH4_1B2_250m_-103.69736_32.21185?status=not_deleted,35025000900
CH4_1B2_250m_-103.67300_32.19989?status=not_deleted,35025000900
CH4_1B2_250m_-103.62658_32.11617?status=not_deleted,35025000900
CH4_1B2_250m_-103.74154_32.28366?status=not_deleted,35015000800
CH4_1B2_250m_-103.71163_32.24443?status=not_deleted,35025000900
CH4_1B2_250m_-103.68409_32.20051?status=not_deleted,35025000900
CH4_1B2_250m_-103.81429_32.32275?status=not_deleted,35015000800
CH4_1B2_250m_-103.79384_32.28440?status=not_deleted,35015000800
CH4_1B2_250m_-103.68620_32.16645?status=not_deleted,35025000900
CH4_1B2_250m_-103.56719_32.08946?status=not_deleted,35025000900
CH4_1B2_250m_-103.57069_32.02786?status=not_deleted,35025000900
CH4_1B2_250m_-103.79798_32.27328?status=not_deleted,35015000800
CH4_1B2_250m_-103.77127_32.26454?status=not_deleted,35015000800
CH4_1B2_250m_-103.65809_32.10794?status=not_deleted,35025000900
CH4_1B2_250m_-103.58360_32.04875?status=not_deleted,35025000900
CH4_1B2_250m_-103.76893_32.10771?status=not_deleted,35015000800
CH4_1B2_250m_-103.68665_32.03484?status=not_deleted,35025000900
CH4_1B2_250m_-103.71262_32.02194?status=not_deleted,35025000900
CH4_1B2_250m_-103.87870_32.14519?status=not_deleted,35015000800
CH4_1B2_250m_-103.96356_32.21149?status=not_deleted,35015000800
CH4_1B2_250m_-103.99236_32.18624?status=not_deleted,35015000800
CH4_1B2_250m_-103.93688_32.04306?status=not_deleted,35015000800
CH4_1B2_250m_-104.04441_32.10902?status=not_deleted,35015000800
CH4_1B2_250m_-104.09528_32.16535?status=not_deleted,35015000800
CH4_1B2_250m_-104.05151_32.06336?status=not_deleted,35015000800
CH4_1B2_250m_-104.34441_32.16222?status=not_deleted,35015000700
CH4_1B2_250m_-104.21680_32.00086?status=not_deleted,35015000800
CH4_1B2_250m_-104.11754_32.05183?status=not_deleted,35015000800
CH4_1B2_250m_-104.20626_32.18940?status=not_deleted,35015000800
CH4_1B2_250m_-104.11947_32.02271?status=not_deleted,35015000800
CH4_1B2_250m_-104.04696_32.06628?status=not_deleted,35015000800
CH4_1B2_250m_-104.13388_32.22242?status=not_deleted,35015000800
CH4_1B2_250m_-104.06990_32.19529?status=not_deleted,35015000800
CH4_1B2_250m_-104.07488_32.17078?status=not_deleted,35015000800
CH4_1B2_250m_-104.02987_32.10937?status=not_deleted,35015000800
CH4_1B2_250m_-104.03276_32.21892?status=not_deleted,35015000800
CH4_1B2_250m_-104.02471_32.17230?status=not_deleted,35015000800
CH4_1B2_250m_-103.99594_32.15037?status=not_deleted,35015000800
CH4_1B2_250m_-104.02733_32.25276?status=not_deleted,35015000800
CH4_1B2_250m_-104.00062_32.23498?status=not_deleted,35015000800
CH4_1B2_250m_-103.94860_32.16375?status=not_deleted,35015000800
CH4_1B2_250m_-103.87633_32.03509?status=not_deleted,35015000800
CH4_1B2_250m_-103.87002_32.03420?status=not_deleted,35015000800
CH4_1B2_250m_-103.99537_32.22379?status=not_deleted,35015000800
CH4_1B2_250m_-104.01180_32.21833?status=not_deleted,35015000800
CH4_1B2_250m_-104.05319_32.25307?status=not_deleted,35015000800
CH4_1B2_250m_-103.96828_32.25343?status=not_deleted,35015000800
CH4_1B2_250m_-103.93457_32.26344?status=not_deleted,35015000800
CH4_1B2_250m_-103.92700_32.30707?status=not_deleted,35015000800
CH4_1B2_250m_-103.67184_32.50734?status=not_deleted,35025000900
CH4_1B2_250m_-103.73924_32.14290?status=not_deleted,35015000800
CH4_1B2_250m_-103.73814_32.29702?status=not_deleted,35015000800
CH4_1B2_250m_-103.76083_32.26808?status=not_deleted,35015000800
CH4_1B2_250m_-103.51121_32.55983?status=not_deleted,35025000702
CH4_1B2_250m_-103.71204_32.49137?status=not_deleted,35025000900
CH4_1B2_250m_-104.30260_32.02085?status=not_deleted,35015000800
CH4_1B2_250m_-104.31619_32.01835?status=not_deleted,35015000800
CH4_1B2_250m_-104.21829_32.08060?status=not_deleted,35015000800
CH4_1B2_250m_-103.95181_32.07991?status=not_deleted,35015000800
CH4_1B2_250m_-103.90283_32.03597?status=not_deleted,35015000800
CH4_1B2_250m_-103.89966_32.03514?status=not_deleted,35015000800
CH4_1B2_250m_-103.90367_32.04894?status=not_deleted,35015000800
CH4_1B2_250m_-103.94723_32.09279?status=not_deleted,35015000800
CH4_1B2_250m_-104.06020_32.21155?status=not_deleted,35015000800
CH4_1B2_250m_-104.06340_32.21081?status=not_deleted,35015000800
CH4_1B2_250m_-104.06374_32.29858?status=not_deleted,35015000800
CH4_1B2_250m_-104.06068_32.31070?status=not_deleted,35015000800
CH4_1B2_250m_-103.98199_32.25546?status=not_deleted,35015000800
CH4_1B2_250m_-104.04500_32.33836?status=not_deleted,35015000700
CH4_1B2_250m_-103.67311_32.03472?status=not_deleted,35025000900
CH4_1B2_250m_-103.73428_32.09341?status=not_deleted,35015000800
CH4_1B2_250m_-103.78073_32.19347?status=not_deleted,35015000800
CH4_1B2_250m_-103.66783_32.07904?status=not_deleted,35025000900
CH4_1B2_250m_-103.66487_32.06441?status=not_deleted,35025000900
CH4_1B2_250m_-103.73124_32.17243?status=not_deleted,35015000800
CH4_1B2_250m_-104.31232_32.17159?status=not_deleted,35015000700
CH4_1B2_250m_-104.27499_32.11313?status=not_deleted,35015000700
CH4_1B2_250m_-104.26361_32.07946?status=not_deleted,35015000700
CH4_1B2_250m_-104.22042_32.13864?status=not_deleted,35015000800
CH4_1B2_250m_-103.78512_32.32118?status=not_deleted,35015000800
CH4_1B2_250m_-103.72407_32.26580?status=not_deleted,35015000800
CH4_1B2_250m_-103.79726_32.29711?status=not_deleted,35015000800
CH4_1B2_250m_-103.80629_32.26897?status=not_deleted,35015000800
CH4_1B2_250m_-103.78791_32.30557?status=not_deleted,35015000800
CH4_1B2_250m_-103.80264_32.30531?status=not_deleted,35015000800
CH4_1B2_250m_-103.83135_32.33025?status=not_deleted,35015000800
CH4_1B2_250m_-103.79212_32.30672?status=not_deleted,35015000800
CH4_1B2_250m_-103.82719_32.22613?status=not_deleted,35015000800
CH4_1B2_250m_-103.80229_32.23851?status=not_deleted,35015000800
CH4_1B2_250m_-103.72501_32.08112?status=not_deleted,35015000800
CH4_1B2_250m_-103.82783_32.16122?status=not_deleted,35015000800
CH4_1B2_250m_-103.97019_32.24812?status=not_deleted,35015000800
CH4_1B2_250m_-104.08494_32.28260?status=not_deleted,35015000800
CH4_1B2_250m_-103.98141_32.20970?status=not_deleted,35015000800
CH4_1B2_250m_-104.06433_32.31919?status=not_deleted,35015000700
CH4_1B2_250m_-103.96504_32.19345?status=not_deleted,35015000800
CH4_1B2_250m_-103.99632_32.19831?status=not_deleted,35015000800
CH4_1B2_250m_-104.06073_32.30670?status=not_deleted,35015000800
CH4_1B2_250m_-104.09918_32.25833?status=not_deleted,35015000800
CH4_1B2_250m_-103.95454_32.09292?status=not_deleted,35015000800
CH4_1B2_250m_-103.88484_32.04902?status=not_deleted,35015000800
CH4_1B2_250m_-103.89603_32.04944?status=not_deleted,35015000800
CH4_1B2_250m_-104.00499_32.15281?status=not_deleted,35015000800
CH4_1B2_250m_-104.02516_32.18401?status=not_deleted,35015000800
CH4_1B2_250m_-104.05172_32.18643?status=not_deleted,35015000800
CH4_1B2_250m_-104.06171_32.25371?status=not_deleted,35015000800
CH4_1B2_250m_-103.95686_32.07957?status=not_deleted,35015000800
CH4_1B2_250m_-104.12425_32.25988?status=not_deleted,35015000800
CH4_1B2_250m_-104.14086_32.26935?status=not_deleted,35015000800
CH4_1B2_250m_-104.13153_32.27030?status=not_deleted,35015000800
CH4_1B2_250m_-104.01748_32.06359?status=not_deleted,35015000800
CH4_1B2_250m_-104.11672_32.14902?status=not_deleted,35015000800
CH4_1B2_250m_-104.10390_32.19503?status=not_deleted,35015000800
CH4_1B2_250m_-104.00989_32.00061?status=not_deleted,35015000800
CH4_1B2_250m_-104.09809_32.10831?status=not_deleted,35015000800
CH4_1B2_250m_-104.11880_32.12459?status=not_deleted,35015000800
CH4_1B2_250m_-104.28564_32.19250?status=not_deleted,35015000700
CH4_1B2_250m_-104.21198_32.12299?status=not_deleted,35015000800
CH4_1B2_250m_-104.31674_32.11708?status=not_deleted,35015000700
CH4_1B2_250m_-103.78156_32.26284?status=not_deleted,35015000800
CH4_1B2_250m_-103.78983_32.27619?status=not_deleted,35015000800
CH4_1B2_250m_-103.81647_32.25698?status=not_deleted,35015000800
CH4_1B2_250m_-103.74579_32.16028?status=not_deleted,35015000800
CH4_1B2_250m_-103.73958_32.10192?status=not_deleted,35015000800
CH4_1B2_250m_-103.72769_32.06466?status=not_deleted,35015000800
CH4_1B2_250m_-103.69833_32.05078?status=not_deleted,35025000900
CH4_1B2_250m_-103.97496_32.26953?status=not_deleted,35015000800
CH4_1B2_250m_-104.00058_32.26770?status=not_deleted,35015000800
CH4_1B2_250m_-103.91333_32.18548?status=not_deleted,35015000800
CH4_1B2_250m_-103.91295_32.20514?status=not_deleted,35015000800
CH4_1B2_250m_-104.05489_32.34073?status=not_deleted,35015000700
CH4_1B2_250m_-103.97442_32.22177?status=not_deleted,35015000800
CH4_1B2_250m_-104.08377_32.26689?status=not_deleted,35015000800
CH4_1B2_250m_-104.18107_32.00087?status=not_deleted,35015000800
CH4_1B2_250m_-104.20359_32.08291?status=not_deleted,35015000800
CH4_1B2_250m_-104.27571_32.17748?status=not_deleted,35015000700
CH4_1B2_250m_-104.22207_32.03498?status=not_deleted,35015000800
CH4_1B2_250m_-104.21353_32.04870?status=not_deleted,35015000800
CH4_1B2_250m_-104.29161_32.17697?status=not_deleted,35015000700
CH4_1B2_250m_-104.11831_32.07785?status=not_deleted,35015000800
CH4_1B2_250m_-104.10231_32.04885?status=not_deleted,35015000800
CH4_1B2_250m_-104.09935_32.01976?status=not_deleted,35015000800
CH4_1B2_250m_-104.10581_32.07799?status=not_deleted,35015000800
CH4_1B2_250m_-104.18101_32.25323?status=not_deleted,35015000800
CH4_1B2_250m_-104.16501_32.25381?status=not_deleted,35015000800
CH4_1B2_250m_-103.89556_32.06586?status=not_deleted,35015000800
CH4_1B2_250m_-103.91003_32.04942?status=not_deleted,35015000800
CH4_1B2_250m_-104.06418_32.25763?status=not_deleted,35015000800
CH4_1B2_250m_-103.88235_32.06501?status=not_deleted,35015000800
CH4_1B2_250m_-103.96299_32.14541?status=not_deleted,35015000800
CH4_1B2_250m_-103.93067_32.22567?status=not_deleted,35015000800
CH4_1B2_250m_-103.75737_32.06470?status=not_deleted,35015000800
CH4_1B2_250m_-103.90054_32.30472?status=not_deleted,35015000800
CH4_1B2_250m_-103.80181_32.22401?status=not_deleted,35015000800
CH4_1B2_250m_-103.73331_32.22482?status=not_deleted,35015000800
CH4_1B2_250m_-103.63886_32.15093?status=not_deleted,35025000900
CH4_1B2_250m_-103.74139_32.27642?status=not_deleted,35015000800
CH4_1B2_250m_-103.72577_32.28941?status=not_deleted,35015000800
CH4_1B2_250m_-103.72592_32.26874?status=not_deleted,35015000800
CH4_1B2_250m_-103.74610_32.27654?status=not_deleted,35015000800
CH4_1B2_250m_-103.57967_32.25500?status=not_deleted,35025000900
CH4_1B2_250m_-103.58422_32.25450?status=not_deleted,35025000900
CH4_1B2_250m_-103.58701_32.25272?status=not_deleted,35025000900
CH4_1B2_250m_-103.59785_32.25682?status=not_deleted,35025000900
CH4_1B2_250m_-103.63510_32.26689?status=not_deleted,35025000900
CH4_1B2_250m_-103.69397_32.27019?status=not_deleted,35025000900
CH4_1B2_250m_-104.14898_32.26320?status=not_deleted,35015000800
CH4_1B2_250m_-104.08971_32.30843?status=not_deleted,35015000800
CH4_1B2_250m_-104.04673_32.34292?status=not_deleted,35015000700
CH4_1B2_250m_-104.03388_32.34364?status=not_deleted,35015000700
CH4_1B2_250m_-104.48453_32.07371?status=not_deleted,35015000700
CH4_1B2_250m_-104.33582_32.17244?status=not_deleted,35015000700
CH4_1B2_250m_-104.17019_32.29349?status=not_deleted,35015000800
CH4_1B2_250m_-104.10341_32.32902?status=not_deleted,35015000700
CH4_1B2_250m_-104.02369_32.37932?status=not_deleted,35015000700
CH4_1B2_250m_-104.13624_32.31408?status=not_deleted,35015000700
CH4_1B2_250m_-104.20896_32.29872?status=not_deleted,35015000700
CH4_1B2_250m_-104.20444_32.31160?status=not_deleted,35015000700
CH4_1B2_250m_-104.20738_32.30908?status=not_deleted,35015000700
CH4_1B2_250m_-104.21869_32.29668?status=not_deleted,35015000700
CH4_1B2_250m_-104.28412_32.24302?status=not_deleted,35015000700
CH4_1B2_250m_-104.20305_32.33833?status=not_deleted,35015000700
CH4_1B2_250m_-104.23160_32.30854?status=not_deleted,35015000700
CH4_1B2_250m_-103.98731_32.48966?status=not_deleted,35015000700
CH4_1B2_250m_-104.23661_32.35264?status=not_deleted,35015000700
CH4_1B2_250m_-104.50466_32.22673?status=not_deleted,35015000700
CH4_1B2_250m_-104.06065_32.49924?status=not_deleted,35015000700
CH4_1B2_250m_-104.06588_32.48620?status=not_deleted,35015000700
CH4_1B2_250m_-104.08532_32.47879?status=not_deleted,35015000700
CH4_1B2_250m_-104.11960_32.47231?status=not_deleted,35015000700
CH4_1B2_250m_-104.20659_32.41776?status=not_deleted,35015000200
CH4_1B2_250m_-104.32454_32.34610?status=not_deleted,35015000700
CH4_1B2_250m_-104.14672_32.48618?status=not_deleted,35015000700
CH4_1B2_250m_-104.45977_32.31235?status=not_deleted,35015000700
CH4_1B2_250m_-104.29146_32.39955?status=not_deleted,35015000401
CH4_1B2_250m_-104.30824_32.37923?status=not_deleted,35015000401
CH4_1B2_250m_-104.15087_32.51961?status=not_deleted,35015000700
CH4_1B2_250m_-104.12219_32.54745?status=not_deleted,35015000900
CH4_1B2_250m_-104.11560_32.56809?status=not_deleted,35015000900
CH4_1B2_250m_-104.10790_32.55833?status=not_deleted,35015000900
CH4_1B2_250m_-104.07769_32.58629?status=not_deleted,35015000900
CH4_1B2_250m_-104.09042_32.59264?status=not_deleted,35015000900
CH4_1B2_250m_-104.07231_32.60043?status=not_deleted,35015000900
CH4_1B2_250m_-104.28205_32.48660?status=not_deleted,35015000700
CH4_1B2_250m_-104.33072_32.47284?status=not_deleted,35015000700
CH4_1B2_250m_-104.10641_32.62572?status=not_deleted,35015000900
CH4_1B2_250m_-104.22865_32.56317?status=not_deleted,35015000900
CH4_1B2_250m_-104.20460_32.58680?status=not_deleted,35015000900
CH4_1B2_250m_-104.17110_32.65830?status=not_deleted,35015000900
CH4_1B2_250m_-104.30651_32.56153?status=not_deleted,35015000900
CH4_1B2_250m_-104.25986_32.58989?status=not_deleted,35015000900
CH4_1B2_250m_-104.15612_32.65473?status=not_deleted,35015000900
CH4_1B2_250m_-104.14403_32.65377?status=not_deleted,35015000900
CH4_1B2_250m_-104.54222_32.42108?status=not_deleted,35015000700
CH4_1B2_250m_-104.25882_32.65858?status=not_deleted,35015000900
CH4_1B2_250m_-104.51846_32.50686?status=not_deleted,35015000700
CH4_1B2_250m_-104.13080_32.47252?status=not_deleted,35015000700
CH4_1B2_250m_-104.09202_32.47612?status=not_deleted,35015000700
CH4_1B2_250m_-104.06272_32.49718?status=not_deleted,35015000700
CH4_1B2_250m_-103.60355_32.41635?status=not_deleted,35025000900
CH4_1B2_250m_-103.04968_32.21988?status=not_deleted,48003950100
CH4_1B2_250m_-103.28147_32.30616?status=not_deleted,35025000900
CH4_1B2_250m_-103.31482_32.32274?status=not_deleted,35025000900
CH4_1B2_250m_-103.36031_32.34182?status=not_deleted,35025000800
CH4_1B2_250m_-103.04512_32.17947?status=not_deleted,48003950100
CH4_1B2_250m_-103.03398_32.17843?status=not_deleted,48003950100
CH4_1B2_250m_-103.82636_32.37582?status=not_deleted,35015000800
CH4_1B2_250m_-103.71745_32.23259?status=not_deleted,35025000900
CH4_1B2_250m_-103.64530_32.16395?status=not_deleted,35025000900
CH4_1B2_250m_-103.62444_32.15022?status=not_deleted,35025000900
CH4_1B2_250m_-103.58725_32.11475?status=not_deleted,35025000900
CH4_1B2_250m_-103.56358_32.08725?status=not_deleted,35025000900
CH4_1B2_250m_-103.83700_32.33579?status=not_deleted,35015000800
CH4_1B2_250m_-103.78876_32.26326?status=not_deleted,35015000800
CH4_1B2_250m_-103.67354_32.08023?status=not_deleted,35025000900
CH4_1B2_250m_-103.62657_32.01844?status=not_deleted,35025000900
CH4_1B2_250m_-103.73798_32.09319?status=not_deleted,35015000800
CH4_1B2_250m_-103.84738_32.20953?status=not_deleted,35015000800
CH4_1B2_250m_-103.99230_32.26822?status=not_deleted,35015000800
CH4_1B2_250m_-103.98540_32.19268?status=not_deleted,35015000800
CH4_1B2_250m_-103.95203_32.15585?status=not_deleted,35015000800
CH4_1B2_250m_-103.87991_32.04890?status=not_deleted,35015000800
CH4_1B2_250m_-103.93941_32.15935?status=not_deleted,35015000800
CH4_1B2_250m_-103.87554_32.05651?status=not_deleted,35015000800
CH4_1B2_250m_-104.12294_32.26978?status=not_deleted,35015000800
CH4_1B2_250m_-104.04824_32.22556?status=not_deleted,35015000800
CH4_1B2_250m_-103.99327_32.13081?status=not_deleted,35015000800
CH4_1B2_250m_-103.87335_32.01849?status=not_deleted,35015000800
CH4_1B2_250m_-104.01662_32.15479?status=not_deleted,35015000800
CH4_1B2_250m_-104.11709_32.26172?status=not_deleted,35015000800
CH4_1B2_250m_-104.11962_32.25559?status=not_deleted,35015000800
CH4_1B2_250m_-104.05524_32.16649?status=not_deleted,35015000800
CH4_1B2_250m_-103.96944_32.02133?status=not_deleted,35015000800
CH4_1B2_250m_-103.97406_32.02113?status=not_deleted,35015000800
CH4_1B2_250m_-103.96638_32.02008?status=not_deleted,35015000800
CH4_1B2_250m_-104.14365_32.15748?status=not_deleted,35015000800
CH4_1B2_250m_-104.15870_32.10901?status=not_deleted,35015000800
CH4_1B2_250m_-104.22825_32.19621?status=not_deleted,35015000700
CH4_1B2_250m_-104.24234_32.17129?status=not_deleted,35015000700
CH4_1B2_250m_-104.23895_32.22660?status=not_deleted,35015000700
CH4_1B2_250m_-104.22841_32.15583?status=not_deleted,35015000800
CH4_1B2_250m_-104.05500_32.04994?status=not_deleted,35015000800
CH4_1B2_250m_-104.19420_32.21065?status=not_deleted,35015000800
CH4_1B2_250m_-104.06633_32.10489?status=not_deleted,35015000800
CH4_1B2_250m_-104.07093_32.15123?status=not_deleted,35015000800
CH4_1B2_250m_-104.13458_32.25386?status=not_deleted,35015000800
CH4_1B2_250m_-103.99809_32.15252?status=not_deleted,35015000800
CH4_1B2_250m_-104.01233_32.17998?status=not_deleted,35015000800
CH4_1B2_250m_-104.08382_32.22969?status=not_deleted,35015000800
CH4_1B2_250m_-104.06517_32.27080?status=not_deleted,35015000800
CH4_1B2_250m_-104.02878_32.29233?status=not_deleted,35015000800
CH4_1B2_250m_-103.74739_32.06519?status=not_deleted,35015000800
CH4_1B2_250m_-103.94521_32.25147?status=not_deleted,35015000800
CH4_1B2_250m_-103.68946_32.02055?status=not_deleted,35025000900
CH4_1B2_250m_-103.66151_32.06561?status=not_deleted,35025000900
CH4_1B2_250m_-103.68320_32.07867?status=not_deleted,35025000900
CH4_1B2_250m_-103.86167_32.28597?status=not_deleted,35015000800
CH4_1B2_250m_-103.86785_32.36897?status=not_deleted,35015000700
CH4_1B2_250m_-103.72977_32.18207?status=not_deleted,35015000800
CH4_1B2_250m_-103.65313_32.17066?status=not_deleted,35025000900
CH4_1B2_250m_-103.60478_32.13861?status=not_deleted,35025000900
CH4_1B2_250m_-103.57241_32.06275?status=not_deleted,35025000900
CH4_1B2_250m_-103.58300_32.03522?status=not_deleted,35025000900
CH4_1B2_250m_-103.72157_32.25259?status=not_deleted,35025000900
CH4_1B2_250m_-103.93947_32.04653?status=not_deleted,35015000800
CH4_1B2_250m_-104.08560_32.04900?status=not_deleted,35015000800
CH4_1B2_250m_-104.04922_32.04396?status=not_deleted,35015000800
CH4_1B2_250m_-104.17099_32.03541?status=not_deleted,35015000800
CH4_1B2_250m_-103.93956_32.03626?status=not_deleted,35015000800
CH4_1B2_250m_-103.17221_32.08788?status=not_deleted,35025000900
CH4_1B2_250m_-103.21347_32.05266?status=not_deleted,35025000900
CH4_1B2_250m_-103.05645_32.14972?status=not_deleted,48003950100
CH4_1B2_250m_-103.12372_32.15417?status=not_deleted,35025000900
CH4_1B2_250m_-103.35256_32.01183?status=not_deleted,35025000900
CH4_1B2_250m_-103.37511_32.03059?status=not_deleted,35025000900
CH4_1B2_250m_-103.13342_32.20206?status=not_deleted,35025000900
CH4_1B2_250m_-103.17187_32.18832?status=not_deleted,35025000900
CH4_1B2_250m_-103.17527_32.17291?status=not_deleted,35025000900
CH4_1B2_250m_-103.46834_32.02191?status=not_deleted,35025000900
CH4_1B2_250m_-103.17436_32.22650?status=not_deleted,35025000900
CH4_1B2_250m_-103.46885_32.04896?status=not_deleted,35025000900
CH4_1B2_250m_-103.44384_32.06694?status=not_deleted,35025000900
CH4_1B2_250m_-103.19416_32.25672?status=not_deleted,35025000900
CH4_1B2_250m_-103.23391_32.25220?status=not_deleted,35025000900
CH4_1B2_250m_-103.54520_32.09523?status=not_deleted,35025000900
CH4_1B2_250m_-103.55564_32.11024?status=not_deleted,35025000900
CH4_1B2_250m_-103.54153_32.12347?status=not_deleted,35025000900
CH4_1B2_250m_-103.26652_32.26258?status=not_deleted,35025000900
CH4_1B2_250m_-103.50500_32.16797?status=not_deleted,35025000900
CH4_1B2_250m_-103.44431_32.21309?status=not_deleted,35025000900
CH4_1B2_250m_-103.55829_32.12436?status=not_deleted,35025000900
CH4_1B2_250m_-103.53076_32.18159?status=not_deleted,35025000900
CH4_1B2_250m_-103.43744_32.26762?status=not_deleted,35025000900
CH4_1B2_250m_-103.52099_32.24863?status=not_deleted,35025000900
CH4_1B2_250m_-103.54919_32.24357?status=not_deleted,35025000900
CH4_1B2_250m_-103.58546_32.22580?status=not_deleted,35025000900
CH4_1B2_250m_-103.57945_32.19695?status=not_deleted,35025000900
CH4_1B2_250m_-103.59464_32.21308?status=not_deleted,35025000900
CH4_1B2_250m_-103.25901_32.40086?status=not_deleted,35025000800
CH4_1B2_250m_-103.27462_32.36377?status=not_deleted,35025000900
CH4_1B2_250m_-103.60094_32.20741?status=not_deleted,35025000900
CH4_1B2_250m_-103.15326_32.48717?status=not_deleted,35025000800
CH4_1B2_250m_-103.21087_32.42873?status=not_deleted,35025000800
CH4_1B2_250m_-103.38695_32.40093?status=not_deleted,35025000800
CH4_1B2_250m_-103.73194_32.18762?status=not_deleted,35015000800
CH4_1B2_250m_-103.60434_32.34032?status=not_deleted,35025000900
CH4_1B2_250m_-103.36959_32.17592?status=not_deleted,35025000900
CH4_1B2_250m_-103.45091_32.20840?status=not_deleted,35025000900
CH4_1B2_250m_-103.52846_32.22081?status=not_deleted,35025000900
CH4_1B2_250m_-103.51497_32.22431?status=not_deleted,35025000900
CH4_1B2_250m_-104.29220_32.02085?status=not_deleted,35015000800
CH4_1B2_250m_-103.98181_32.05106?status=not_deleted,35015000800
CH4_1B2_250m_-104.07143_32.12364?status=not_deleted,35015000800
CH4_1B2_250m_-103.93141_32.30661?status=not_deleted,35015000800
CH4_1B2_250m_-103.97847_32.21261?status=not_deleted,35015000800
CH4_1B2_250m_-103.97875_32.20788?status=not_deleted,35015000800
CH4_1B2_250m_-103.73362_32.00694?status=not_deleted,35015000800
CH4_1B2_250m_-103.25545_32.62253?status=not_deleted,35025000702
CH4_1B2_250m_-103.73022_32.34086?status=not_deleted,35015000800
CH4_1B2_250m_-103.53933_32.44154?status=not_deleted,35025000900
CH4_1B2_250m_-103.49401_32.46412?status=not_deleted,35025000702
CH4_1B2_250m_-103.73943_32.30913?status=not_deleted,35015000800
CH4_1B2_250m_-103.79003_32.28112?status=not_deleted,35015000800
CH4_1B2_250m_-103.28828_32.51360?status=not_deleted,35025000800
CH4_1B2_250m_-103.80919_32.21001?status=not_deleted,35015000800
CH4_1B2_250m_-103.68151_32.29144?status=not_deleted,35025000900
CH4_1B2_250m_-103.48119_32.38626?status=not_deleted,35025000900
CH4_1B2_250m_-103.55605_32.29810?status=not_deleted,35025000900
CH4_1B2_250m_-103.64775_32.23936?status=not_deleted,35025000900
CH4_1B2_250m_-103.77624_32.18291?status=not_deleted,35015000800
CH4_1B2_250m_-103.73251_32.16705?status=not_deleted,35015000800
CH4_1B2_250m_-103.55830_32.30098?status=not_deleted,35025000900
CH4_1B2_250m_-103.45447_32.31179?status=not_deleted,35025000900
CH4_1B2_250m_-103.57075_32.22526?status=not_deleted,35025000900
CH4_1B2_250m_-103.46378_32.28412?status=not_deleted,35025000900
CH4_1B2_250m_-103.22571_32.44735?status=not_deleted,35025000800
CH4_1B2_250m_-103.14720_32.48383?status=not_deleted,35025000800
CH4_1B2_250m_-103.46466_32.25861?status=not_deleted,35025000900
CH4_1B2_250m_-103.43075_32.31139?status=not_deleted,35025000900
CH4_1B2_250m_-103.24332_32.38987?status=not_deleted,35025000900
CH4_1B2_250m_-103.67739_32.10584?status=not_deleted,35025000900
CH4_1B2_250m_-103.67699_32.07894?status=not_deleted,35025000900
CH4_1B2_250m_-103.70067_32.03694?status=not_deleted,35025000900
CH4_1B2_250m_-103.22038_32.32852?status=not_deleted,35025000900
CH4_1B2_250m_-103.57866_32.06518?status=not_deleted,35025000900
CH4_1B2_250m_-103.69053_32.03782?status=not_deleted,35025000900
CH4_1B2_250m_-103.62661_32.03807?status=not_deleted,35025000900
CH4_1B2_250m_-103.53210_32.06586?status=not_deleted,35025000900
CH4_1B2_250m_-103.01512_32.05994?status=not_deleted,48495950400
CH4_1B2_250m_-103.64626_32.03655?status=not_deleted,35025000900
CH4_1B2_250m_-103.61826_32.10259?status=not_deleted,35025000900
CH4_1B2_250m_-103.60988_32.22553?status=not_deleted,35025000900
CH4_1B2_250m_-103.59188_32.26713?status=not_deleted,35025000900
CH4_1B2_250m_-103.60210_32.19661?status=not_deleted,35025000900
CH4_1B2_250m_-103.62932_32.06519?status=not_deleted,35025000900
CH4_1B2_250m_-103.81079_32.72594?status=not_deleted,35025001100
CH4_1B2_250m_-103.88682_32.37998?status=not_deleted,35015000700
CH4_1B2_250m_-103.86927_32.31290?status=not_deleted,35015000800
CH4_1B2_250m_-103.91487_32.29739?status=not_deleted,35015000800
CH4_1B2_250m_-103.91017_32.26349?status=not_deleted,35015000800
CH4_1B2_250m_-103.93024_32.06430?status=not_deleted,35015000800
CH4_1B2_250m_-103.93456_32.06438?status=not_deleted,35015000800
CH4_1B2_250m_-103.94546_32.05801?status=not_deleted,35015000800
CH4_1B2_250m_-103.92769_32.29160?status=not_deleted,35015000800
CH4_1B2_250m_-103.84055_32.29240?status=not_deleted,35015000800
CH4_1B2_250m_-103.86295_32.21020?status=not_deleted,35015000800
CH4_1B2_250m_-103.91281_32.06445?status=not_deleted,35015000800
CH4_1B2_250m_-103.93248_32.01708?status=not_deleted,35015000800
CH4_1B2_250m_-103.91570_32.00120?status=not_deleted,35015000800
CH4_1B2_250m_-103.78513_32.31274?status=not_deleted,35015000800
CH4_1B2_250m_-103.65897_32.72105?status=not_deleted,35025001100
CH4_1B2_250m_-103.70759_32.71449?status=not_deleted,35025001100
CH4_1B2_250m_-103.72463_32.68275?status=not_deleted,35025001100
CH4_1B2_250m_-103.73642_32.41642?status=not_deleted,35015000700
CH4_1B2_250m_-103.66477_32.57930?status=not_deleted,35025001100
CH4_1B2_250m_-103.72004_32.39161?status=not_deleted,35025000900
CH4_1B2_250m_-103.72458_32.35473?status=not_deleted,35015000800
CH4_1B2_250m_-103.75789_32.31246?status=not_deleted,35015000800
CH4_1B2_250m_-103.76087_32.22979?status=not_deleted,35015000800
CH4_1B2_250m_-103.66037_32.49479?status=not_deleted,35025000900
CH4_1B2_250m_-103.65161_32.42549?status=not_deleted,35025000900
CH4_1B2_250m_-103.66997_32.36567?status=not_deleted,35025000900
CH4_1B2_250m_-103.67447_32.30385?status=not_deleted,35025000900
CH4_1B2_250m_-103.68592_32.29896?status=not_deleted,35025000900
CH4_1B2_250m_-103.69065_32.29901?status=not_deleted,35025000900
CH4_1B2_250m_-103.70026_32.26227?status=not_deleted,35025000900
CH4_1B2_250m_-103.73159_32.21040?status=not_deleted,35015000800
CH4_1B2_250m_-103.75594_32.10144?status=not_deleted,35015000800
CH4_1B2_250m_-103.75338_32.06493?status=not_deleted,35015000800
CH4_1B2_250m_-103.73397_32.06493?status=not_deleted,35015000800
CH4_1B2_250m_-103.51446_32.79657?status=not_deleted,35025001100
CH4_1B2_250m_-103.50823_32.70917?status=not_deleted,35025001100
CH4_1B2_250m_-103.52104_32.70807?status=not_deleted,35025001100
CH4_1B2_250m_-103.51998_32.78834?status=not_deleted,35025001100
CH4_1B2_250m_-103.55005_32.56645?status=not_deleted,35025000702
CH4_1B2_250m_-103.55752_32.62372?status=not_deleted,35025001100
CH4_1B2_250m_-103.59399_32.48822?status=not_deleted,35025000900
CH4_1B2_250m_-103.59309_32.45837?status=not_deleted,35025000900
CH4_1B2_250m_-103.60482_32.45027?status=not_deleted,35025000900
CH4_1B2_250m_-103.63448_32.36469?status=not_deleted,35025000900
CH4_1B2_250m_-103.62489_32.28097?status=not_deleted,35025000900
CH4_1B2_250m_-103.65703_32.21569?status=not_deleted,35025000900
CH4_1B2_250m_-103.69330_32.06258?status=not_deleted,35025000900
CH4_1B2_250m_-103.52666_32.61604?status=not_deleted,35025000702
CH4_1B2_250m_-103.52993_32.60607?status=not_deleted,35025000702
CH4_1B2_250m_-103.64241_32.16707?status=not_deleted,35025000900
CH4_1B2_250m_-103.63318_32.20340?status=not_deleted,35025000900
CH4_1B2_250m_-103.52150_32.58934?status=not_deleted,35025000702
CH4_1B2_250m_-103.51854_32.58547?status=not_deleted,35025000702
CH4_1B2_250m_-103.57572_32.42030?status=not_deleted,35025000900
CH4_1B2_250m_-103.55287_32.35437?status=not_deleted,35025000900
CH4_1B2_250m_-103.60596_32.31355?status=not_deleted,35025000900
CH4_1B2_250m_-103.57569_32.22448?status=not_deleted,35025000900
CH4_1B2_250m_-103.58340_32.20415?status=not_deleted,35025000900
CH4_1B2_250m_-103.60683_32.19744?status=not_deleted,35025000900
CH4_1B2_250m_-103.61591_32.17471?status=not_deleted,35025000900
CH4_1B2_250m_-103.80758_32.64374?status=not_deleted,35025001100
CH4_1B2_250m_-103.85743_32.37253?status=not_deleted,35015000700
CH4_1B2_250m_-103.97421_32.06359?status=not_deleted,35015000800
CH4_1B2_250m_-103.94644_32.06077?status=not_deleted,35015000800
CH4_1B2_250m_-103.94151_32.06266?status=not_deleted,35015000800
CH4_1B2_250m_-103.93020_32.04203?status=not_deleted,35015000800
CH4_1B2_250m_-103.91411_32.12081?status=not_deleted,35015000800
CH4_1B2_250m_-103.82274_32.20652?status=not_deleted,35015000800
CH4_1B2_250m_-103.84046_32.13687?status=not_deleted,35015000800
CH4_1B2_250m_-103.79305_32.30245?status=not_deleted,35015000800
CH4_1B2_250m_-103.83530_32.16120?status=not_deleted,35015000800
CH4_1B2_250m_-103.95227_32.06462?status=not_deleted,35015000800
CH4_1B2_250m_-103.85872_32.20673?status=not_deleted,35015000800
CH4_1B2_250m_-103.69316_32.74295?status=not_deleted,35025001100
CH4_1B2_250m_-103.71577_32.56516?status=not_deleted,35025001100
CH4_1B2_250m_-103.72168_32.56453?status=not_deleted,35025001100
CH4_1B2_250m_-103.72369_32.38770?status=not_deleted,35015000800
CH4_1B2_250m_-103.73379_32.30584?status=not_deleted,35015000800
CH4_1B2_250m_-103.80452_32.11175?status=not_deleted,35015000800
CH4_1B2_250m_-103.80757_32.00306?status=not_deleted,35015000800
CH4_1B2_250m_-103.82697_32.00257?status=not_deleted,35015000800
CH4_1B2_250m_-103.59742_32.59291?status=not_deleted,35025000702
CH4_1B2_250m_-103.63472_32.56720?status=not_deleted,35025000702
CH4_1B2_250m_-103.68917_32.31069?status=not_deleted,35025000900
CH4_1B2_250m_-103.73645_32.07886?status=not_deleted,35015000800
CH4_1B2_250m_-103.50727_32.76322?status=not_deleted,35025001100
CH4_1B2_250m_-103.64685_32.20889?status=not_deleted,35025000900
CH4_1B2_250m_-103.67571_32.06155?status=not_deleted,35025000900
CH4_1B2_250m_-103.64718_32.16912?status=not_deleted,35025000900
CH4_1B2_250m_-103.69649_32.03213?status=not_deleted,35025000900
CH4_1B2_250m_-103.61265_32.08844?status=not_deleted,35025000900
CH4_1B2_250m_-103.60138_32.30956?status=not_deleted,35025000900
CH4_1B2_250m_-103.53306_32.44255?status=not_deleted,35025000900
CH4_1B2_250m_-103.52456_32.54132?status=not_deleted,35025000702
CH4_1B2_250m_-103.52748_32.54345?status=not_deleted,35025000702
CH4_1B2_250m_-103.53213_32.58903?status=not_deleted,35025000702
CH4_1B2_250m_-103.48710_32.77088?status=not_deleted,35025001100
CH4_1B2_250m_-103.70749_32.42544?status=not_deleted,35025000900
CH4_1B2_250m_-103.77141_32.20844?status=not_deleted,35015000800
CH4_1B2_250m_-103.63294_32.37565?status=not_deleted,35025000900
CH4_1B2_250m_-103.61751_32.23853?status=not_deleted,35025000900
CH4_1B2_250m_-103.69541_32.28153?status=not_deleted,35025000900
CH4_1B2_250m_-103.76752_32.05078?status=not_deleted,35015000800
CH4_1B2_250m_-103.73698_32.23167?status=not_deleted,35015000800
CH4_1B2_250m_-103.82698_32.03424?status=not_deleted,35015000800
CH4_1B2_250m_-103.74700_32.36215?status=not_deleted,35015000800
CH4_1B2_250m_-103.72984_32.29544?status=not_deleted,35015000800
CH4_1B2_250m_-103.73317_32.27677?status=not_deleted,35015000800
CH4_1B2_250m_-103.57785_32.23979?status=not_deleted,35025000900
CH4_1B2_250m_-103.62223_32.12474?status=not_deleted,35025000900
CH4_1B2_250m_-103.59961_32.30607?status=not_deleted,35025000900
CH4_1B2_250m_-103.66557_32.24898?status=not_deleted,35025000900
CH4_1B2_250m_-103.70247_32.06725?status=not_deleted,35025000900
CH4_1B2_250m_-103.71103_32.04216?status=not_deleted,35025000900
CH4_1B2_250m_-103.77897_32.20184?status=not_deleted,35015000800
CH4_1B2_250m_-103.83792_32.06073?status=not_deleted,35015000800
CH4_1B2_250m_-103.84489_32.06006?status=not_deleted,35015000800
CH4_1B2_250m_-103.85296_32.11079?status=not_deleted,35015000800
CH4_1B2_250m_-103.84505_32.21262?status=not_deleted,35015000800
CH4_1B2_250m_-103.92106_32.29331?status=not_deleted,35015000800
CH4_1B2_250m_-103.96384_32.16610?status=not_deleted,35015000800
CH4_1B2_250m_-103.96818_32.13110?status=not_deleted,35015000800
CH4_1B2_250m_-103.98225_32.13320?status=not_deleted,35015000800
CH4_1B2_250m_-103.97178_32.26972?status=not_deleted,35015000800
CH4_1B2_250m_-103.98421_32.22938?status=not_deleted,35015000800
CH4_1B2_250m_-104.04863_32.15002?status=not_deleted,35015000800
CH4_1B2_250m_-104.03346_32.05597?status=not_deleted,35015000800
CH4_1B2_250m_-104.06881_32.03390?status=not_deleted,35015000800
CH4_1B2_250m_-103.99025_32.26373?status=not_deleted,35015000800
CH4_1B2_250m_-103.96873_32.29699?status=not_deleted,35015000800
CH4_1B2_250m_-104.02025_32.06194?status=not_deleted,35015000800
CH4_1B2_250m_-104.03223_32.33267?status=not_deleted,35015000700
CH4_1B2_250m_-104.03305_32.32699?status=not_deleted,35015000700
CH4_1B2_250m_-104.01833_32.32997?status=not_deleted,35015000700
CH4_1B2_250m_-104.03947_32.32594?status=not_deleted,35015000700
CH4_1B2_250m_-104.05158_32.28976?status=not_deleted,35015000800
CH4_1B2_250m_-104.04689_32.25581?status=not_deleted,35015000800
CH4_1B2_250m_-104.06068_32.15088?status=not_deleted,35015000800
CH4_1B2_250m_-104.07490_32.14672?status=not_deleted,35015000800
CH4_1B2_250m_-104.08190_32.09497?status=not_deleted,35015000800
CH4_1B2_250m_-104.09129_32.10765?status=not_deleted,35015000800
CH4_1B2_250m_-104.03309_32.33962?status=not_deleted,35015000700
CH4_1B2_250m_-104.01817_32.31892?status=not_deleted,35015000800
CH4_1B2_250m_-104.08715_32.36698?status=not_deleted,35015000700
CH4_1B2_250m_-104.06432_32.32532?status=not_deleted,35015000700
CH4_1B2_250m_-104.09210_32.23606?status=not_deleted,35015000800
CH4_1B2_250m_-104.12066_32.20104?status=not_deleted,35015000800
CH4_1B2_250m_-104.12530_32.13686?status=not_deleted,35015000800
CH4_1B2_250m_-104.14140_32.42762?status=not_deleted,35015000700
CH4_1B2_250m_-104.17950_32.28927?status=not_deleted,35015000800
CH4_1B2_250m_-104.25551_32.29687?status=not_deleted,35015000700
CH4_1B2_250m_-104.25728_32.17423?status=not_deleted,35015000700
CH4_1B2_250m_-104.10729_32.33285?status=not_deleted,35015000700
CH4_1B2_250m_-103.89737_32.42917?status=not_deleted,35015000700
CH4_1B2_250m_-104.14990_32.54577?status=not_deleted,35015000700
CH4_1B2_250m_-104.13010_32.07967?status=not_deleted,35015000800
CH4_1B2_250m_-104.04630_32.31897?status=not_deleted,35015000700
CH4_1B2_250m_-104.08894_32.04931?status=not_deleted,35015000800
CH4_1B2_250m_-104.02921_32.24755?status=not_deleted,35015000800
CH4_1B2_250m_-104.02631_32.19901?status=not_deleted,35015000800
CH4_1B2_250m_-104.02159_32.25568?status=not_deleted,35015000800
CH4_1B2_250m_-104.07826_32.03950?status=not_deleted,35015000800
CH4_1B2_250m_-104.09340_32.51241?status=not_deleted,35015000900
CH4_1B2_250m_-103.98243_32.04633?status=not_deleted,35015000800
CH4_1B2_250m_-104.09103_32.35499?status=not_deleted,35015000700
CH4_1B2_250m_-104.49392_32.08959?status=not_deleted,35015000700
CH4_1B2_250m_-104.17036_32.79717?status=not_deleted,35015000900
CH4_1B2_250m_-104.22684_32.78163?status=not_deleted,35015000900
CH4_1B2_250m_-104.36061_32.46729?status=not_deleted,35015000700
CH4_1B2_250m_-104.17465_32.57621?status=not_deleted,35015000900
CH4_1B2_250m_-104.06427_32.41242?status=not_deleted,35015000700
CH4_1B2_250m_-104.05135_32.30930?status=not_deleted,35015000800
CH4_1B2_250m_-104.01231_32.20292?status=not_deleted,35015000800
CH4_1B2_250m_-104.09066_32.67111?status=not_deleted,35015000900
CH4_1B2_250m_-104.06316_32.17980?status=not_deleted,35015000800
CH4_1B2_250m_-103.91372_32.26911?status=not_deleted,35015000800
CH4_1B2_250m_-103.97776_32.19986?status=not_deleted,35015000800
CH4_1B2_250m_-103.93847_32.20600?status=not_deleted,35015000800
CH4_1B2_250m_-103.79340_32.31296?status=not_deleted,35015000800
CH4_1B2_250m_-104.20372_32.03873?status=not_deleted,35015000800
CH4_1B2_250m_-104.13654_32.06720?status=not_deleted,35015000800
CH4_1B2_250m_-103.81166_32.26812?status=not_deleted,35015000800
CH4_1B2_250m_-103.79786_32.26946?status=not_deleted,35015000800
CH4_1B2_250m_-103.69436_32.35018?status=not_deleted,35025000900
CH4_1B2_250m_-103.96361_32.16345?status=not_deleted,35015000800
CH4_1B2_250m_-103.70231_32.31366?status=not_deleted,35025000900
CH4_1B2_250m_-103.68032_32.30141?status=not_deleted,35025000900
CH4_1B2_250m_-103.93767_32.13707?status=not_deleted,35015000800
CH4_1B2_250m_-104.14866_32.01542?status=not_deleted,35015000800
CH4_1B2_250m_-103.85485_32.19610?status=not_deleted,35015000800
CH4_1B2_250m_-103.78582_32.25765?status=not_deleted,35015000800
CH4_1B2_250m_-104.11964_32.01852?status=not_deleted,35015000800
CH4_1B2_250m_-104.06404_32.06418?status=not_deleted,35015000800
CH4_1B2_250m_-103.96286_32.12010?status=not_deleted,35015000800
CH4_1B2_250m_-104.03138_32.05054?status=not_deleted,35015000800
CH4_1B2_250m_-103.71758_32.20577?status=not_deleted,35025000900
CH4_1B2_250m_-103.98598_32.04037?status=not_deleted,35015000800
CH4_1B2_250m_-103.66293_32.19692?status=not_deleted,35025000900
CH4_1B2_250m_-103.10732_32.37603?status=not_deleted,35025000800
CH4_1B2_250m_-103.10606_32.36956?status=not_deleted,35025000800
CH4_1B2_250m_-103.53013_32.08601?status=not_deleted,35025000900
CH4_1B2_250m_-103.53364_32.07719?status=not_deleted,35025000900
CH4_1B2_250m_-103.55312_32.05039?status=not_deleted,35025000900
CH4_1B2_250m_-103.61636_32.03451?status=not_deleted,35025000900
CH4_1B2_250m_-103.54998_32.10778?status=not_deleted,35025000900
CH4_1B2_250m_-103.55000_32.12528?status=not_deleted,35025000900
CH4_1B2_250m_-103.62164_32.11528?status=not_deleted,35025000900
CH4_1B2_250m_-103.56128_32.16635?status=not_deleted,35025000900
CH4_1B2_250m_-103.70468_32.09516?status=not_deleted,35025000900
CH4_1B2_250m_-103.52281_32.21499?status=not_deleted,35025000900
CH4_1B2_250m_-103.79538_32.05216?status=not_deleted,35015000800
CH4_1B2_250m_-103.66097_32.15311?status=not_deleted,35025000900
CH4_1B2_250m_-103.56990_32.20462?status=not_deleted,35025000900
CH4_1B2_250m_-103.55530_32.23295?status=not_deleted,35025000900
CH4_1B2_250m_-103.66817_32.17014?status=not_deleted,35025000900
CH4_1B2_250m_-103.54768_32.24033?status=not_deleted,35025000900
CH4_1B2_250m_-103.59937_32.21169?status=not_deleted,35025000900
CH4_1B2_250m_-103.66138_32.20732?status=not_deleted,35025000900
CH4_1B2_250m_-104.03772_32.03650?status=not_deleted,35015000800
CH4_1B2_250m_-104.12594_32.00189?status=not_deleted,35015000800
CH4_1B2_250m_-104.15810_32.01230?status=not_deleted,35015000800
CH4_1B2_250m_-103.98834_32.13570?status=not_deleted,35015000800
CH4_1B2_250m_-104.05667_32.14713?status=not_deleted,35015000800
CH4_1B2_250m_-104.10464_32.56953?status=not_deleted,35015000900
CH4_1B2_250m_-104.09129_32.55490?status=not_deleted,35015000900
CH4_1B2_250m_-104.11598_32.57873?status=not_deleted,35015000900
CH4_1B2_250m_-104.12122_32.57534?status=not_deleted,35015000900
CH4_1B2_250m_-103.52520_32.08121?status=not_deleted,35025000900
CH4_1B2_250m_-103.88435_32.05697?status=not_deleted,35015000800
CH4_1B2_250m_-103.75087_32.22276?status=not_deleted,35015000800
CH4_1B2_250m_-103.84472_32.28395?status=not_deleted,35015000800
CH4_1B2_250m_-103.10355_32.35377?status=not_deleted,35025000800
CH4_1B2_250m_-103.50428_32.06181?status=not_deleted,35025000900
CH4_1B2_250m_-103.43228_32.06492?status=not_deleted,35025000900
CH4_1B2_250m_-103.47148_32.04827?status=not_deleted,35025000900
CH4_1B2_250m_-103.38927_32.04459?status=not_deleted,35025000900
CH4_1B2_250m_-103.04161_32.49549?status=not_deleted,48003950100
CH4_1B2_250m_-103.57315_32.03715?status=not_deleted,35025000900
CH4_1B2_250m_-103.56696_32.01834?status=not_deleted,35025000900
CH4_1B2_250m_-103.55960_32.15167?status=not_deleted,35025000900
CH4_1B2_250m_-103.56200_32.06519?status=not_deleted,35025000900
CH4_1B2_250m_-103.56767_32.06529?status=not_deleted,35025000900
CH4_1B2_250m_-103.59657_32.26726?status=not_deleted,35025000900
CH4_1B2_250m_-103.59513_32.06508?status=not_deleted,35025000900
CH4_1B2_250m_-103.61762_32.06325?status=not_deleted,35025000900
CH4_1B2_250m_-103.62804_32.11289?status=not_deleted,35025000900
CH4_1B2_250m_-103.63792_32.14783?status=not_deleted,35025000900
CH4_1B2_250m_-103.62663_32.20033?status=not_deleted,35025000900
CH4_1B2_250m_-103.62144_32.35434?status=not_deleted,35025000900
CH4_1B2_250m_-103.65050_32.06514?status=not_deleted,35025000900
CH4_1B2_250m_-103.64593_32.14852?status=not_deleted,35025000900
CH4_1B2_250m_-103.65894_32.16597?status=not_deleted,35025000900
CH4_1B2_250m_-103.64241_32.19638?status=not_deleted,35025000900
CH4_1B2_250m_-103.64408_32.06491?status=not_deleted,35025000900
CH4_1B2_250m_-103.68209_32.09979?status=not_deleted,35025000900
CH4_1B2_250m_-103.68445_32.21220?status=not_deleted,35025000900
CH4_1B2_250m_-103.67268_32.25956?status=not_deleted,35025000900
CH4_1B2_250m_-103.67811_32.30332?status=not_deleted,35025000900
CH4_1B2_250m_-103.67508_32.18255?status=not_deleted,35025000900
CH4_1B2_250m_-103.67640_32.26041?status=not_deleted,35025000900
CH4_1B2_250m_-103.70659_32.19517?status=not_deleted,35025000900
CH4_1B2_250m_-103.71912_32.31428?status=not_deleted,35025000900
CH4_1B2_250m_-103.75018_32.05236?status=not_deleted,35015000800
CH4_1B2_250m_-103.75123_32.12175?status=not_deleted,35015000800
CH4_1B2_250m_-103.76133_32.13907?status=not_deleted,35015000800
CH4_1B2_250m_-103.76390_32.29602?status=not_deleted,35015000800
CH4_1B2_250m_-103.77746_32.10395?status=not_deleted,35015000800
CH4_1B2_250m_-103.79662_32.20810?status=not_deleted,35015000800
CH4_1B2_250m_-103.81512_32.27157?status=not_deleted,35015000800
CH4_1B2_250m_-103.81826_32.02406?status=not_deleted,35015000800
CH4_1B2_250m_-103.81915_32.15247?status=not_deleted,35015000800
CH4_1B2_250m_-103.82035_32.00753?status=not_deleted,35015000800
CH4_1B2_250m_-103.83738_32.25943?status=not_deleted,35015000800
CH4_1B2_250m_-103.83981_32.21267?status=not_deleted,35015000800
CH4_1B2_250m_-103.83750_32.10452?status=not_deleted,35015000800
CH4_1B2_250m_-103.84343_32.03261?status=not_deleted,35015000800
CH4_1B2_250m_-103.87540_32.28328?status=not_deleted,35015000800
CH4_1B2_250m_-103.88991_32.01938?status=not_deleted,35015000800
CH4_1B2_250m_-103.57467_32.19650?status=not_deleted,35025000900
CH4_1B2_250m_-103.55742_32.06523?status=not_deleted,35025000900
CH4_1B2_250m_-103.55040_32.06519?status=not_deleted,35025000900
CH4_1B2_250m_-103.58087_32.28479?status=not_deleted,35025000900
CH4_1B2_250m_-103.61800_32.15645?status=not_deleted,35025000900
CH4_1B2_250m_-103.69278_32.31416?status=not_deleted,35025000900
CH4_1B2_250m_-103.75570_32.12134?status=not_deleted,35015000800
CH4_1B2_250m_-104.22568_32.13754?status=not_deleted,35015000800
CH4_1B2_250m_-104.22023_32.18064?status=not_deleted,35015000800
CH4_1B2_250m_-104.20611_32.22128?status=not_deleted,35015000800
CH4_1B2_250m_-104.15070_32.20085?status=not_deleted,35015000800
CH4_1B2_250m_-104.13595_32.21130?status=not_deleted,35015000800
CH4_1B2_250m_-104.15445_32.20734?status=not_deleted,35015000800
CH4_1B2_250m_-104.13248_32.07758?status=not_deleted,35015000800
CH4_1B2_250m_-104.06808_32.28893?status=not_deleted,35015000800
CH4_1B2_250m_-104.06637_32.31087?status=not_deleted,35015000800
CH4_1B2_250m_-104.01113_32.26598?status=not_deleted,35015000800
CH4_1B2_250m_-104.00494_32.13926?status=not_deleted,35015000800
CH4_1B2_250m_-103.96137_32.24818?status=not_deleted,35015000800
CH4_1B2_250m_-103.97670_32.12583?status=not_deleted,35015000800
CH4_1B2_250m_-103.97345_32.30047?status=not_deleted,35015000800
CH4_1B2_250m_-103.94517_32.24078?status=not_deleted,35015000800
CH4_1B2_250m_-103.90708_32.11819?status=not_deleted,35015000800
CH4_1B2_250m_-104.17457_32.14394?status=not_deleted,35015000800
CH4_1B2_250m_-104.17626_32.30338?status=not_deleted,35015000800
CH4_1B2_250m_-104.14065_32.01939?status=not_deleted,35015000800
CH4_1B2_250m_-104.08518_32.10833?status=not_deleted,35015000800
CH4_1B2_250m_-103.18725_32.41777?status=not_deleted,35025000800
CH4_1B2_250m_-103.20813_32.10358?status=not_deleted,35025000900
CH4_1B2_250m_-103.22001_32.20887?status=not_deleted,35025000900
CH4_1B2_250m_-103.21889_32.20663?status=not_deleted,35025000900
CH4_1B2_250m_-103.22485_32.20221?status=not_deleted,35025000900
CH4_1B2_250m_-103.21104_32.41632?status=not_deleted,35025000800
CH4_1B2_250m_-103.21652_32.58520?status=not_deleted,35025000800
CH4_1B2_250m_-103.21270_32.33083?status=not_deleted,35025000900
CH4_1B2_250m_-103.22805_32.22448?status=not_deleted,35025000900
CH4_1B2_250m_-103.20711_32.05328?status=not_deleted,35025000900
CH4_1B2_250m_-103.23563_32.24674?status=not_deleted,35025000900
CH4_1B2_250m_-103.24676_32.29010?status=not_deleted,35025000900
CH4_1B2_250m_-103.25119_32.30745?status=not_deleted,35025000900
CH4_1B2_250m_-103.24456_32.48908?status=not_deleted,35025000800
CH4_1B2_250m_-103.24238_32.28316?status=not_deleted,35025000900
CH4_1B2_250m_-103.27218_32.43987?status=not_deleted,35025000800
CH4_1B2_250m_-103.27009_32.42873?status=not_deleted,35025000800
CH4_1B2_250m_-103.25858_32.57445?status=not_deleted,35025000800
CH4_1B2_250m_-103.27604_32.42865?status=not_deleted,35025000800
CH4_1B2_250m_-103.28332_32.51535?status=not_deleted,35025000800
CH4_1B2_250m_-103.31713_32.02072?status=not_deleted,35025000900
CH4_1B2_250m_-103.29712_32.39828?status=not_deleted,35025000900
CH4_1B2_250m_-103.33810_32.16647?status=not_deleted,35025000900
CH4_1B2_250m_-103.32507_32.50418?status=not_deleted,35025000800
CH4_1B2_250m_-103.37617_32.17718?status=not_deleted,35025000900
CH4_1B2_250m_-103.37921_32.29459?status=not_deleted,35025000900
CH4_1B2_250m_-103.38243_32.44133?status=not_deleted,35025000800
CH4_1B2_250m_-103.39443_32.47774?status=not_deleted,35025000702
CH4_1B2_250m_-103.40521_32.20244?status=not_deleted,35025000900
CH4_1B2_250m_-103.41294_32.19644?status=not_deleted,35025000900
CH4_1B2_250m_-103.41150_32.35437?status=not_deleted,35025000800
CH4_1B2_250m_-103.44423_32.41489?status=not_deleted,35025000900
CH4_1B2_250m_-103.44282_32.26773?status=not_deleted,35025000900
CH4_1B2_250m_-103.44043_32.23849?status=not_deleted,35025000900
CH4_1B2_250m_-103.46250_32.42318?status=not_deleted,35025000900
CH4_1B2_250m_-103.45429_32.42843?status=not_deleted,35025000702
CH4_1B2_250m_-103.45148_32.45644?status=not_deleted,35025000702
CH4_1B2_250m_-103.45056_32.35508?status=not_deleted,35025000900
CH4_1B2_250m_-103.46123_32.04214?status=not_deleted,35025000900
CH4_1B2_250m_-103.48181_32.44199?status=not_deleted,35025000900
CH4_1B2_250m_-103.51450_32.44454?status=not_deleted,35025000900
CH4_1B2_250m_-103.49789_32.28229?status=not_deleted,35025000900
CH4_1B2_250m_-103.50629_32.18928?status=not_deleted,35025000900
CH4_1B2_250m_-103.50168_32.10754?status=not_deleted,35025000900
CH4_1B2_250m_-103.53844_32.19795?status=not_deleted,35025000900
CH4_1B2_250m_-103.51797_32.76623?status=not_deleted,35025001100
CH4_1B2_250m_-103.52664_32.05166?status=not_deleted,35025000900
CH4_1B2_250m_-103.55291_32.44341?status=not_deleted,35025000900
CH4_1B2_250m_-103.56314_32.19910?status=not_deleted,35025000900
CH4_1B2_250m_-103.57645_32.41596?status=not_deleted,35025000900
CH4_1B2_250m_-103.56807_32.19631?status=not_deleted,35025000900
CH4_1B2_250m_-103.56375_32.15281?status=not_deleted,35025000900
CH4_1B2_250m_-103.62106_32.13261?status=not_deleted,35025000900
CH4_1B2_250m_-103.63747_32.76290?status=not_deleted,35025001100
CH4_1B2_250m_-103.63842_32.06395?status=not_deleted,35025000900
CH4_1B2_250m_-103.66265_32.24134?status=not_deleted,35025000900
CH4_1B2_250m_-103.69186_32.41528?status=not_deleted,35025000900
CH4_1B2_250m_-103.67613_32.05210?status=not_deleted,35025000900
CH4_1B2_250m_-103.73797_32.73977?status=not_deleted,35025001100
CH4_1B2_250m_-103.80547_32.20965?status=not_deleted,35015000800
CH4_1B2_250m_-103.80341_32.04343?status=not_deleted,35015000800
CH4_1B2_250m_-103.83008_32.20578?status=not_deleted,35015000800
CH4_1B2_250m_-103.82849_32.67448?status=not_deleted,35015000900
CH4_1B2_250m_-103.82819_32.53430?status=not_deleted,35015000900
CH4_1B2_250m_-103.83101_32.73779?status=not_deleted,35015000900
CH4_1B2_250m_-103.91890_32.09197?status=not_deleted,35015000800
CH4_1B2_250m_-103.90736_32.77750?status=not_deleted,35015000900
CH4_1B2_250m_-103.90948_32.76505?status=not_deleted,35015000900
CH4_1B2_250m_-103.91696_32.76692?status=not_deleted,35015000900
CH4_1B2_250m_-103.92030_32.70663?status=not_deleted,35015000900
CH4_1B2_250m_-103.98172_32.12470?status=not_deleted,35015000800
CH4_1B2_250m_-104.00564_32.71988?status=not_deleted,35015000900
CH4_1B2_250m_-104.00294_32.24012?status=not_deleted,35015000800
CH4_1B2_250m_-104.04168_32.55561?status=not_deleted,35015000900
CH4_1B2_250m_-104.05307_32.67172?status=not_deleted,35015000900
CH4_1B2_250m_-104.05488_32.62281?status=not_deleted,35015000900
CH4_1B2_250m_-104.05955_32.20208?status=not_deleted,35015000800
CH4_1B2_250m_-104.06457_32.75620?status=not_deleted,35015000900
CH4_1B2_250m_-104.08803_32.58545?status=not_deleted,35015000900
CH4_1B2_250m_-104.11138_32.29552?status=not_deleted,35015000800
CH4_1B2_250m_-104.12284_32.70194?status=not_deleted,35015000900
CH4_1B2_250m_-104.10868_32.67967?status=not_deleted,35015000900
CH4_1B2_250m_-104.13224_32.25851?status=not_deleted,35015000800
CH4_1B2_250m_-104.15297_32.53942?status=not_deleted,35015000700
CH4_1B2_250m_-104.15632_32.56535?status=not_deleted,35015000700
CH4_1B2_250m_-104.16558_32.61504?status=not_deleted,35015000900
CH4_1B2_250m_-104.17151_32.64773?status=not_deleted,35015000900
CH4_1B2_250m_-104.19136_32.61695?status=not_deleted,35015000900
CH4_1B2_250m_-104.17041_32.27844?status=not_deleted,35015000800
CH4_1B2_250m_-104.17408_32.44181?status=not_deleted,35015000700
CH4_1B2_250m_-104.19986_32.79551?status=not_deleted,35015000900
CH4_1B2_250m_-104.20783_32.78286?status=not_deleted,35015000900
CH4_1B2_250m_-104.21010_32.75688?status=not_deleted,35015000900
CH4_1B2_250m_-104.20787_32.64445?status=not_deleted,35015000900
CH4_1B2_250m_-104.21903_32.75647?status=not_deleted,35015000900
CH4_1B2_250m_-104.23579_32.31445?status=not_deleted,35015000700
CH4_1B2_250m_-104.27490_32.40869?status=not_deleted,35015000401
CH4_1B2_250m_-104.25270_32.73620?status=not_deleted,35015000900
CH4_1B2_250m_-104.29378_32.57688?status=not_deleted,35015000900
CH4_1B2_250m_-104.29938_32.40824?status=not_deleted,35015000401
CH4_1B2_250m_-104.27906_32.34868?status=not_deleted,35015000700
CH4_1B2_250m_-104.30901_32.75976?status=not_deleted,35015000900
CH4_1B2_250m_-104.30498_32.75792?status=not_deleted,35015000900
CH4_1B2_250m_-104.31584_32.52738?status=not_deleted,35015000900
CH4_1B2_250m_-104.33172_32.58667?status=not_deleted,35015000900
CH4_1B2_250m_-104.32893_32.42379?status=not_deleted,35015000700
CH4_1B2_250m_-104.34265_32.37800?status=not_deleted,35015000401
CH4_1B2_250m_-104.33328_32.11821?status=not_deleted,35015000700
CH4_1B2_250m_-104.38734_32.73910?status=not_deleted,35015000900
CH4_1B2_250m_-104.38090_32.65857?status=not_deleted,35015000900
CH4_1B2_250m_-104.23815_32.79847?status=not_deleted,35015000900
CH4_1B2_250m_-104.31083_32.79985?status=not_deleted,35015000900
CH4_1B2_250m_-104.25838_32.77605?status=not_deleted,35015000900
CH4_1B2_250m_-104.19158_32.49384?status=not_deleted,35015000700
CH4_1B2_250m_-104.18374_32.46329?status=not_deleted,35015000700
CH4_1B2_250m_-104.16729_32.59337?status=not_deleted,35015000900
CH4_1B2_250m_-104.17127_32.59821?status=not_deleted,35015000900
CH4_1B2_250m_-104.17334_32.66435?status=not_deleted,35015000900
CH4_1B2_250m_-104.19336_32.59283?status=not_deleted,35015000900
CH4_1B2_250m_-104.18499_32.51691?status=not_deleted,35015000700
CH4_1B2_250m_-104.15036_32.53387?status=not_deleted,35015000700
CH4_1B2_250m_-104.15488_32.56973?status=not_deleted,35015000700
CH4_1B2_250m_-104.16005_32.63731?status=not_deleted,35015000900
CH4_1B2_250m_-104.15550_32.66177?status=not_deleted,35015000900
CH4_1B2_250m_-104.15757_32.70630?status=not_deleted,35015000900
CH4_1B2_250m_-104.12097_32.70029?status=not_deleted,35015000900
CH4_1B2_250m_-104.10588_32.62795?status=not_deleted,35015000900
CH4_1B2_250m_-104.10667_32.63106?status=not_deleted,35015000900
CH4_1B2_250m_-104.09702_32.71950?status=not_deleted,35015000900
CH4_1B2_250m_-104.09888_32.60956?status=not_deleted,35015000900
CH4_1B2_250m_-103.94879_32.06431?status=not_deleted,35015000800
CH4_1B2_250m_-103.97680_32.21609?status=not_deleted,35015000800
CH4_1B2_250m_-103.90055_32.21050?status=not_deleted,35015000800
CH4_1B2_250m_-103.91523_32.03828?status=not_deleted,35015000800
CH4_1B2_250m_-103.94373_32.04370?status=not_deleted,35015000800
CH4_1B2_250m_-103.94879_32.26529?status=not_deleted,35015000800
CH4_1B2_250m_-103.98436_32.09489?status=not_deleted,35015000800
CH4_1B2_250m_-103.98576_32.26903?status=not_deleted,35015000800
CH4_1B2_250m_-104.01508_32.32510?status=not_deleted,35015000800
CH4_1B2_250m_-104.04820_32.28863?status=not_deleted,35015000800
CH4_1B2_250m_-104.09256_32.19430?status=not_deleted,35015000800
CH4_1B2_250m_-104.08763_32.31751?status=not_deleted,35015000700
CH4_1B2_250m_-104.13436_32.10983?status=not_deleted,35015000800
CH4_1B2_250m_-104.20493_32.29762?status=not_deleted,35015000700
CH4_1B2_250m_-103.90339_32.07947?status=not_deleted,35015000800
CH4_1B2_250m_-104.05929_32.18133?status=not_deleted,35015000800
CH4_1B2_250m_-103.56017_32.22451?status=not_deleted,35025000900
CH4_1B2_250m_-103.59846_32.27087?status=not_deleted,35025000900
CH4_1B2_250m_-103.61541_32.28230?status=not_deleted,35025000900
CH4_1B2_250m_-103.63875_32.20024?status=not_deleted,35025000900
CH4_1B2_250m_-103.65859_32.31316?status=not_deleted,35025000900
CH4_1B2_250m_-103.66855_32.13799?status=not_deleted,35025000900
CH4_1B2_250m_-103.68260_32.12088?status=not_deleted,35025000900
CH4_1B2_250m_-103.69549_32.05538?status=not_deleted,35025000900
CH4_1B2_250m_-103.72492_32.00236?status=not_deleted,35015000800
CH4_1B2_250m_-103.75596_32.05063?status=not_deleted,35015000800
CH4_1B2_250m_-103.75812_32.10643?status=not_deleted,35015000800
CH4_1B2_250m_-103.78582_32.06861?status=not_deleted,35015000800
CH4_1B2_250m_-103.78766_32.26778?status=not_deleted,35015000800
CH4_1B2_250m_-103.80030_32.04262?status=not_deleted,35015000800
CH4_1B2_250m_-103.81367_32.22355?status=not_deleted,35015000800
CH4_1B2_250m_-103.57628_32.00560?status=not_deleted,35025000900
CH4_1B2_250m_-103.59492_32.06766?status=not_deleted,35025000900
CH4_1B2_250m_-103.61440_32.06245?status=not_deleted,35025000900
CH4_1B2_250m_-103.68517_32.34711?status=not_deleted,35025000900
CH4_1B2_250m_-103.70436_32.02345?status=not_deleted,35025000900
CH4_1B2_250m_-103.73207_32.00315?status=not_deleted,35015000800
CH4_1B2_250m_-103.75819_32.31571?status=not_deleted,35015000800
CH4_1B2_250m_-103.75463_32.04507?status=not_deleted,35015000800
CH4_1B2_250m_-103.78972_32.13601?status=not_deleted,35015000800
CH4_1B2_250m_-104.15597_32.28611?status=not_deleted,35015000800
CH4_1B2_250m_-104.14430_32.08152?status=not_deleted,35015000800
CH4_1B2_250m_-104.12094_32.19011?status=not_deleted,35015000800
CH4_1B2_250m_-104.11833_32.05746?status=not_deleted,35015000800
CH4_1B2_250m_-104.07137_32.25532?status=not_deleted,35015000800
CH4_1B2_250m_-104.08586_32.20245?status=not_deleted,35015000800
CH4_1B2_250m_-104.08540_32.23302?status=not_deleted,35015000800
CH4_1B2_250m_-104.07225_32.25929?status=not_deleted,35015000800
CH4_1B2_250m_-104.04774_32.15828?status=not_deleted,35015000800
CH4_1B2_250m_-104.00842_32.32527?status=not_deleted,35015000800
CH4_1B2_250m_-103.99949_32.18465?status=not_deleted,35015000800
CH4_1B2_250m_-103.97061_32.14236?status=not_deleted,35015000800
CH4_1B2_250m_-103.95650_32.16090?status=not_deleted,35015000800
CH4_1B2_250m_-103.97377_32.02600?status=not_deleted,35015000800
CH4_1B2_250m_-103.40955_32.02255?status=not_deleted,35025000900
CH4_1B2_250m_-103.39023_32.02887?status=not_deleted,35025000900
CH4_1B2_250m_-103.93335_32.04298?status=not_deleted,35015000800
CH4_1B2_250m_-103.57364_32.02006?status=not_deleted,35025000900
CH4_1B2_250m_-103.45499_32.04233?status=not_deleted,35025000900
CH4_1B2_250m_-103.46410_32.06239?status=not_deleted,35025000900
CH4_1B2_250m_-103.52339_32.05316?status=not_deleted,35025000900
CH4_1B2_250m_-104.04888_32.04883?status=not_deleted,35015000800
CH4_1B2_250m_-104.05370_32.28691?status=not_deleted,35015000800
CH4_1B2_250m_-104.06525_32.34995?status=not_deleted,35015000700
CH4_1B2_250m_-104.06817_32.28638?status=not_deleted,35015000800
CH4_1B2_250m_-104.02606_32.25598?status=not_deleted,35015000800
CH4_1B2_250m_-103.95688_32.23658?status=not_deleted,35015000800
CH4_1B2_250m_-103.97568_32.29229?status=not_deleted,35015000800
CH4_1B2_250m_-103.95865_32.27142?status=not_deleted,35015000800
CH4_1B2_250m_-103.82121_32.10650?status=not_deleted,35015000800
CH4_1B2_250m_-103.75183_32.26387?status=not_deleted,35015000800
CH4_1B2_250m_-103.71654_32.04011?status=not_deleted,35025000900
CH4_1B2_250m_-104.06244_32.16670?status=not_deleted,35015000800
CH4_1B2_250m_-103.99581_32.26702?status=not_deleted,35015000800
CH4_1B2_250m_-104.09978_32.20412?status=not_deleted,35015000800
CH4_1B2_250m_-103.93636_32.27028?status=not_deleted,35015000800
CH4_1B2_250m_-103.54100_32.30064?status=not_deleted,35025000900
CH4_1B2_250m_-103.63089_32.07848?status=not_deleted,35025000900
CH4_1B2_250m_-103.61190_32.13601?status=not_deleted,35025000900
CH4_1B2_250m_-103.45729_32.08217?status=not_deleted,35025000900
CH4_1B2_250m_-103.43488_32.26930?status=not_deleted,35025000900
CH4_1B2_250m_-103.40244_32.24632?status=not_deleted,35025000900
CH4_1B2_250m_-103.34857_32.04106?status=not_deleted,35025000900
CH4_1B2_250m_-103.57934_32.29190?status=not_deleted,35025000900
CH4_1B2_250m_-103.58401_32.34945?status=not_deleted,35025000900
CH4_1B2_250m_-103.66652_32.02155?status=not_deleted,35025000900
CH4_1B2_250m_-103.66720_32.41401?status=not_deleted,35025000900
CH4_1B2_250m_-103.63018_32.36846?status=not_deleted,35025000900
CH4_1B2_250m_-103.70626_32.31797?status=not_deleted,35025000900
CH4_1B2_250m_-103.52035_32.55775?status=not_deleted,35025000702
CH4_1B2_250m_-103.64257_32.36666?status=not_deleted,35025000900
CH4_1B2_250m_-103.70895_32.21410?status=not_deleted,35025000900
CH4_1B2_250m_-103.64143_32.25450?status=not_deleted,35025000900
CH4_1B2_250m_-103.60489_32.19105?status=not_deleted,35025000900
CH4_1B2_250m_-103.70714_32.15297?status=not_deleted,35025000900
CH4_1B2_250m_-103.78688_32.20798?status=not_deleted,35015000800
CH4_1B2_250m_-103.84009_32.06415?status=not_deleted,35015000800
CH4_1B2_250m_-104.13445_32.57905?status=not_deleted,35015000900
CH4_1B2_250m_-104.15018_32.57529?status=not_deleted,35015000900
CH4_1B2_250m_-103.99817_32.53597?status=not_deleted,35015000900
CH4_1B2_250m_-104.00187_32.48809?status=not_deleted,35015000700
CH4_1B2_250m_-104.10020_32.37496?status=not_deleted,35015000700
CH4_1B2_250m_-104.04115_32.06825?status=not_deleted,35015000800
CH4_1B2_250m_-104.05846_32.61699?status=not_deleted,35015000900
CH4_1B2_250m_-104.03677_32.06556?status=not_deleted,35015000800
CH4_1B2_250m_-104.17229_32.20538?status=not_deleted,35015000800
CH4_1B2_250m_-104.15135_32.12141?status=not_deleted,35015000800
CH4_1B2_250m_-104.09667_32.11024?status=not_deleted,35015000800
CH4_1B2_250m_-104.05469_32.27907?status=not_deleted,35015000800
CH4_1B2_250m_-104.30445_32.12858?status=not_deleted,35015000700
CH4_1B2_250m_-104.12184_32.09249?status=not_deleted,35015000800
CH4_1B2_250m_-104.08978_32.00160?status=not_deleted,35015000800
CH4_1B2_250m_-103.58381_32.20746?status=not_deleted,35025000900
CH4_1B2_250m_-103.71652_32.26470?status=not_deleted,35025000900
CH4_1B2_250m_-103.66885_32.31454?status=not_deleted,35025000900
CH4_1B2_250m_-103.67806_32.04092?status=not_deleted,35025000900
CH4_1B2_250m_-103.76825_32.27306?status=not_deleted,35015000800
CH4_1B2_250m_-103.66905_32.03543?status=not_deleted,35025000900
CH4_1B2_250m_-103.59007_32.21756?status=not_deleted,35025000900
CH4_1B2_250m_-104.06345_32.28413?status=not_deleted,35015000800
CH4_1B2_250m_-104.13175_32.26534?status=not_deleted,35015000800
CH4_1B2_250m_-103.94838_32.01917?status=not_deleted,35015000800
CH4_1B2_250m_-104.04261_32.00702?status=not_deleted,35015000800
CH4_1B2_250m_-103.80084_32.02011?status=not_deleted,35015000800
CH4_1B2_250m_-103.99249_32.12401?status=not_deleted,35015000800
CH4_1B2_250m_-103.53112_32.07788?status=not_deleted,35025000900
CH4_1B2_250m_-103.68343_32.02508?status=not_deleted,35025000900
CH4_1B2_250m_-103.58877_32.09496?status=not_deleted,35025000900
CH4_1B2_250m_-103.62247_32.08164?status=not_deleted,35025000900
CH4_1B2_250m_-103.54278_32.25279?status=not_deleted,35025000900
CH4_1B2_250m_-104.10604_32.61688?status=not_deleted,35015000900
CH4_1B2_250m_-103.67652_32.10808?status=not_deleted,35025000900
CH4_1B2_250m_-103.57491_32.25450?status=not_deleted,35025000900
CH4_1B2_250m_-103.66140_32.21226?status=not_deleted,35025000900
CH4_1B2_250m_-103.50711_32.05390?status=not_deleted,35025000900
CH4_1B2_250m_-103.49378_32.03151?status=not_deleted,35025000900
CH4_1B2_250m_-103.62560_32.07846?status=not_deleted,35025000900
CH4_1B2_250m_-103.64432_32.06940?status=not_deleted,35025000900
CH4_1B2_250m_-103.27386_32.34565?status=not_deleted,35025000900
CH4_1B2_250m_-103.24975_32.37047?status=not_deleted,35025000900
CH4_1B2_250m_-103.48146_32.12553?status=not_deleted,35025000900
CH4_1B2_250m_-103.27611_32.52321?status=not_deleted,35025000800
CH4_1B2_250m_-103.28772_32.51678?status=not_deleted,35025000800
CH4_1B2_250m_-103.36556_32.49515?status=not_deleted,35025000702
CH4_1B2_250m_-103.39060_32.03678?status=not_deleted,35025000900
CH4_1B2_250m_-103.25445_32.34512?status=not_deleted,35025000900
CH4_1B2_250m_-103.56731_32.19848?status=not_deleted,35025000900
CH4_1B2_250m_-103.50527_32.48513?status=not_deleted,35025000702
CH4_1B2_250m_-103.79170_32.26758?status=not_deleted,35015000800
CH4_1B2_250m_-103.75497_32.27017?status=not_deleted,35015000800
CH4_1B2_250m_-103.65952_32.31807?status=not_deleted,35025000900
CH4_1B2_250m_-103.66775_32.39854?status=not_deleted,35025000900
CH4_1B2_250m_-103.21396_32.06460?status=not_deleted,35025000900
CH4_1B2_250m_-104.07226_32.00168?status=not_deleted,35015000800
CH4_1B2_250m_-104.23029_32.09312?status=not_deleted,35015000800
CH4_1B2_250m_-104.11502_32.02105?status=not_deleted,35015000800
CH4_1B2_250m_-104.17525_32.49125?status=not_deleted,35015000700
CH4_1B2_250m_-104.14917_32.34794?status=not_deleted,35015000700
CH4_1B2_250m_-104.20474_32.48956?status=not_deleted,35015000700
CH4_1B2_250m_-103.86097_32.29385?status=not_deleted,35015000800
CH4_1B2_250m_-103.80964_32.52994?status=not_deleted,35025001100
CH4_1B2_250m_-104.15625_32.63407?status=not_deleted,35015000900
CH4_1B2_250m_-104.35989_32.50125?status=not_deleted,35015000700
CH4_1B2_250m_-103.40914_32.35389?status=not_deleted,35025000800
CH4_1B2_250m_-103.19843_32.72128?status=not_deleted,35025000702
CH4_1B2_250m_-103.04225_32.18164?status=not_deleted,48003950100
CH4_1B2_250m_-103.72577_32.25837?status=not_deleted,35015000800
CH4_1B2_250m_-103.33916_32.11139?status=not_deleted,35025000900
CH4_1B2_250m_-103.30960_32.67611?status=not_deleted,35025000702
CH4_1B2_250m_-104.23783_32.24151?status=not_deleted,35015000700
CH4_1B2_250m_-103.63412_32.19684?status=not_deleted,35025000900
CH4_1B2_250m_-103.58251_32.71366?status=not_deleted,35025001100
CH4_1B2_250m_-103.62139_32.66716?status=not_deleted,35025001100
CH4_1B2_250m_-103.64362_32.11252?status=not_deleted,35025000900
CH4_1B2_250m_-103.48404_32.65995?status=not_deleted,35025001100
CH4_1B2_250m_-103.20225_32.30845?status=not_deleted,35025000900
CH4_1B2_250m_-103.21051_32.33936?status=not_deleted,35025000900
CH4_1B2_250m_-103.43258_32.03095?status=not_deleted,35025000900
CH4_1B2_250m_-103.27827_32.07634?status=not_deleted,35025000900
CH4_1B2_250m_-103.23379_32.20527?status=not_deleted,35025000900
CH4_1B2_250m_-103.29489_32.09416?status=not_deleted,35025000900
CH4_1B2_250m_-104.04699_32.05226?status=not_deleted,35015000800
CH4_1B2_250m_-104.08941_32.03208?status=not_deleted,35015000800
CH4_1B2_250m_-104.08753_32.10697?status=not_deleted,35015000800
CH4_1B2_250m_-103.15168_32.27612?status=not_deleted,35025000900
CH4_1B2_250m_-104.14386_32.06014?status=not_deleted,35015000800
CH4_1B2_250m_-104.06662_32.18593?status=not_deleted,35015000800
CH4_1B2_250m_-104.05906_32.35140?status=not_deleted,35015000700
CH4_1B2_250m_-104.04882_32.67523?status=not_deleted,35015000900
CH4_1B2_250m_-103.94406_32.02035?status=not_deleted,35015000800
CH4_1B2_250m_-104.56183_32.55846?status=not_deleted,35015000700
CH4_1B2_250m_-104.26152_32.77625?status=not_deleted,35015000900
CH4_1B2_250m_-104.47018_32.77632?status=not_deleted,35015000900
CH4_1B2_250m_-103.91386_32.23727?status=not_deleted,35015000800
CH4_1B2_250m_-103.96191_32.20366?status=not_deleted,35015000800
CH4_1B2_250m_-103.61914_32.40342?status=not_deleted,35025000900
CH4_1B2_250m_-103.64916_32.29618?status=not_deleted,35025000900
CH4_1B2_250m_-103.63139_32.27162?status=not_deleted,35025000900
CH4_1B2_250m_-103.43126_32.34208?status=not_deleted,35025000800
CH4_1B2_250m_-103.46041_32.28385?status=not_deleted,35025000900
CH4_1B2_250m_-103.94692_32.04316?status=not_deleted,35015000800
CH4_1B2_250m_-103.89908_32.04870?status=not_deleted,35015000800
CH4_1B2_250m_-103.89262_32.04878?status=not_deleted,35015000800
CH4_1B2_250m_-104.07890_32.03543?status=not_deleted,35015000800
CH4_1B2_250m_-103.30851_32.60566?status=not_deleted,35025000702
CH4_1B2_250m_-103.49409_32.50789?status=not_deleted,35025000702
CH4_1B2_250m_-103.56622_32.44298?status=not_deleted,35025000900
CH4_1B2_250m_-103.60250_32.41889?status=not_deleted,35025000900
CH4_1B2_250m_-103.39208_32.57877?status=not_deleted,35025000702
CH4_1B2_250m_-103.60100_32.45848?status=not_deleted,35025000900
CH4_1B2_250m_-103.75574_32.36863?status=not_deleted,35015000800
CH4_1B2_250m_-103.33221_32.63240?status=not_deleted,35025000702
CH4_1B2_250m_-103.29908_32.64713?status=not_deleted,35025000702
CH4_1B2_250m_-103.29794_32.66834?status=not_deleted,35025000702
CH4_1B2_250m_-103.51400_32.56693?status=not_deleted,35025000702
CH4_1B2_250m_-103.74902_32.43235?status=not_deleted,35015000700
CH4_1B2_250m_-103.62358_32.52189?status=not_deleted,35025000900
CH4_1B2_250m_-103.59757_32.53970?status=not_deleted,35025000702
CH4_1B2_250m_-103.53889_32.56601?status=not_deleted,35025000702
CH4_1B2_250m_-103.53259_32.60534?status=not_deleted,35025000702
CH4_1B2_250m_-103.53770_32.60396?status=not_deleted,35025000702
CH4_1B2_250m_-103.54528_32.62483?status=not_deleted,35025001100
CH4_1B2_250m_-103.37484_32.76871?status=not_deleted,35025001100
CH4_1B2_250m_-103.44613_32.71775?status=not_deleted,35025001100
CH4_1B2_250m_-103.57286_32.65152?status=not_deleted,35025001100
CH4_1B2_250m_-103.57974_32.66547?status=not_deleted,35025001100
CH4_1B2_250m_-103.98825_32.44266?status=not_deleted,35015000700
CH4_1B2_250m_-103.42071_32.75538?status=not_deleted,35025001100
CH4_1B2_250m_-103.68576_32.63012?status=not_deleted,35025001100
CH4_1B2_250m_-103.54320_32.74613?status=not_deleted,35025001100
CH4_1B2_250m_-103.71273_32.65259?status=not_deleted,35025001100
CH4_1B2_250m_-103.99598_32.48358?status=not_deleted,35015000700
CH4_1B2_250m_-103.50246_32.79441?status=not_deleted,35025001100
CH4_1B2_250m_-103.61856_32.70961?status=not_deleted,35025001100
CH4_1B2_250m_-103.90010_32.55508?status=not_deleted,35015000900
CH4_1B2_250m_-104.01109_32.76489?status=not_deleted,35015000900
CH4_1B2_250m_-104.05555_32.72069?status=not_deleted,35015000900
CH4_1B2_250m_-104.08970_32.69432?status=not_deleted,35015000900
CH4_1B2_250m_-104.15795_32.64510?status=not_deleted,35015000900
CH4_1B2_250m_-104.08401_32.68029?status=not_deleted,35015000900
CH4_1B2_250m_-104.08669_32.67950?status=not_deleted,35015000900
CH4_1B2_250m_-104.05053_32.68461?status=not_deleted,35015000900
CH4_1B2_250m_-104.12066_32.64634?status=not_deleted,35015000900
CH4_1B2_250m_-104.08592_32.64573?status=not_deleted,35015000900
CH4_1B2_250m_-104.05028_32.67104?status=not_deleted,35015000900
CH4_1B2_250m_-104.05345_32.65061?status=not_deleted,35015000900
CH4_1B2_250m_-104.01701_32.68818?status=not_deleted,35015000900
CH4_1B2_250m_-104.12124_32.56743?status=not_deleted,35015000900
CH4_1B2_250m_-104.07160_32.60772?status=not_deleted,35015000900
CH4_1B2_250m_-103.85783_32.70025?status=not_deleted,35015000900
CH4_1B2_250m_-103.95959_32.64269?status=not_deleted,35015000900
CH4_1B2_250m_-104.02097_32.62306?status=not_deleted,35015000900
CH4_1B2_250m_-103.84537_32.71649?status=not_deleted,35015000900
CH4_1B2_250m_-103.87353_32.62402?status=not_deleted,35015000900
CH4_1B2_250m_-103.67400_32.73616?status=not_deleted,35025001100
CH4_1B2_250m_-103.65656_32.72807?status=not_deleted,35025001100
CH4_1B2_250m_-104.14970_32.43474?status=not_deleted,35015000700
CH4_1B2_250m_-104.30127_32.28057?status=not_deleted,35015000700
CH4_1B2_250m_-104.28152_32.25357?status=not_deleted,35015000700
CH4_1B2_250m_-104.04277_32.35452?status=not_deleted,35015000700
CH4_1B2_250m_-104.11760_32.31571?status=not_deleted,35015000700
CH4_1B2_250m_-104.15135_32.29525?status=not_deleted,35015000800
CH4_1B2_250m_-104.15370_32.26074?status=not_deleted,35015000800
CH4_1B2_250m_-104.13459_32.23030?status=not_deleted,35015000800
CH4_1B2_250m_-104.26020_32.15398?status=not_deleted,35015000700
CH4_1B2_250m_-104.22406_32.18054?status=not_deleted,35015000700
CH4_1B2_250m_-104.10309_32.24633?status=not_deleted,35015000800
CH4_1B2_250m_-104.07449_32.25520?status=not_deleted,35015000800
CH4_1B2_250m_-104.04305_32.27677?status=not_deleted,35015000800
CH4_1B2_250m_-103.99547_32.31088?status=not_deleted,35015000800
CH4_1B2_250m_-104.08089_32.25371?status=not_deleted,35015000800
CH4_1B2_250m_-104.08174_32.22074?status=not_deleted,35015000800
CH4_1B2_250m_-104.06529_32.20654?status=not_deleted,35015000800
CH4_1B2_250m_-104.03530_32.24300?status=not_deleted,35015000800
CH4_1B2_250m_-104.03338_32.19087?status=not_deleted,35015000800
CH4_1B2_250m_-104.01345_32.18526?status=not_deleted,35015000800
CH4_1B2_250m_-103.98495_32.22626?status=not_deleted,35015000800
CH4_1B2_250m_-104.01465_32.11368?status=not_deleted,35015000800
CH4_1B2_250m_-103.82816_32.19297?status=not_deleted,35015000800
CH4_1B2_250m_-103.12234_32.32455?status=not_deleted,35025000900
CH4_1B2_250m_-103.40220_32.12307?status=not_deleted,35025000900
CH4_1B2_250m_-103.18439_32.24791?status=not_deleted,35025000900
CH4_1B2_250m_-103.46080_32.06611?status=not_deleted,35025000900
CH4_1B2_250m_-103.09776_32.35160?status=not_deleted,35025000800
CH4_1B2_250m_-103.53180_32.09166?status=not_deleted,35025000900
CH4_1B2_250m_-103.61351_32.05185?status=not_deleted,35025000900
CH4_1B2_250m_-104.12347_32.79371?status=not_deleted,35015000900
CH4_1B2_250m_-104.16357_32.79568?status=not_deleted,35015000900
CH4_1B2_250m_-104.26515_32.77964?status=not_deleted,35015000900
CH4_1B2_250m_-104.28003_32.77728?status=not_deleted,35015000900
CH4_1B2_250m_-103.86789_32.03059?status=not_deleted,35015000800
CH4_1B2_250m_-103.99509_32.00111?status=not_deleted,35015000800
CH4_1B2_250m_-104.01694_32.00170?status=not_deleted,35015000800
CH4_1B2_250m_-103.73702_32.15651?status=not_deleted,35015000800
CH4_1B2_250m_-103.65201_32.21184?status=not_deleted,35025000900
CH4_1B2_250m_-103.71974_32.21205?status=not_deleted,35025000900
CH4_1B2_250m_-103.92734_32.12725?status=not_deleted,35015000800
CH4_1B2_250m_-104.08102_32.03373?status=not_deleted,35015000800
CH4_1B2_250m_-104.01648_32.10965?status=not_deleted,35015000800
CH4_1B2_250m_-103.88500_32.20917?status=not_deleted,35015000800
CH4_1B2_250m_-103.72407_32.33945?status=not_deleted,35015000800
CH4_1B2_250m_-103.73735_32.34136?status=not_deleted,35015000800
CH4_1B2_250m_-103.96672_32.20714?status=not_deleted,35015000800
CH4_1B2_250m_-103.88694_32.24353?status=not_deleted,35015000800
CH4_1B2_250m_-104.09215_32.13821?status=not_deleted,35015000800
CH4_1B2_250m_-104.23241_32.03537?status=not_deleted,35015000800
CH4_1B2_250m_-103.99793_32.18999?status=not_deleted,35015000800
CH4_1B2_250m_-104.10038_32.13924?status=not_deleted,35015000800
CH4_1B2_250m_-104.14870_32.12013?status=not_deleted,35015000800
CH4_1B2_250m_-104.27004_32.07903?status=not_deleted,35015000700
CH4_1B2_250m_-104.11627_32.16066?status=not_deleted,35015000800
CH4_1B2_250m_-104.26919_32.10887?status=not_deleted,35015000700
CH4_1B2_250m_-104.08918_32.21415?status=not_deleted,35015000800
CH4_1B2_250m_-103.82621_32.37936?status=not_deleted,35015000700
CH4_1B2_250m_-104.05830_32.24131?status=not_deleted,35015000800
CH4_1B2_250m_-103.57014_32.05219?status=not_deleted,35025000900
CH4_1B2_250m_-103.54247_32.06492?status=not_deleted,35025000900
CH4_1B2_250m_-103.52918_32.05730?status=not_deleted,35025000900
CH4_1B2_250m_-103.52824_32.06683?status=not_deleted,35025000900
CH4_1B2_250m_-103.56632_32.05177?status=not_deleted,35025000900
CH4_1B2_250m_-103.52682_32.08571?status=not_deleted,35025000900
CH4_1B2_250m_-103.68185_32.13876?status=not_deleted,35025000900
CH4_1B2_250m_-103.73177_32.17820?status=not_deleted,35015000800
CH4_1B2_250m_-103.80649_32.12319?status=not_deleted,35015000800
CH4_1B2_250m_-104.10878_32.06480?status=not_deleted,35015000800
CH4_1B2_250m_-103.78513_32.29202?status=not_deleted,35015000800
CH4_1B2_250m_-103.99010_32.25225?status=not_deleted,35015000800
CH4_1B2_250m_-103.56500_32.14053?status=not_deleted,35025000900
CH4_1B2_250m_-103.70471_32.05140?status=not_deleted,35025000900
CH4_1B2_250m_-103.60692_32.11683?status=not_deleted,35025000900
CH4_1B2_250m_-103.64933_32.04873?status=not_deleted,35025000900
CH4_1B2_250m_-103.52596_32.09692?status=not_deleted,35025000900
CH4_1B2_250m_-103.49981_32.02736?status=not_deleted,35025000900
CH4_1B2_250m_-103.52963_32.00161?status=not_deleted,35025000900
CH4_1B2_250m_-103.73917_32.08003?status=not_deleted,35015000800
CH4_1B2_250m_-103.74380_32.15314?status=not_deleted,35015000800
CH4_1B2_250m_-104.02972_32.00157?status=not_deleted,35015000800
CH4_1B2_250m_-103.99570_32.00934?status=not_deleted,35015000800
CH4_1B2_250m_-103.76429_32.16612?status=not_deleted,35015000800
CH4_1B2_250m_-103.72090_32.27731?status=not_deleted,35025000900
CH4_1B2_250m_-103.80508_32.24389?status=not_deleted,35015000800
CH4_1B2_250m_-103.80298_32.27232?status=not_deleted,35015000800
CH4_1B2_250m_-104.03219_32.17173?status=not_deleted,35015000800
CH4_1B2_250m_-103.91660_32.23411?status=not_deleted,35015000800
CH4_1B2_250m_-103.94804_32.27304?status=not_deleted,35015000800
CH4_1B2_250m_-103.74616_32.00256?status=not_deleted,35015000800
CH4_1B2_250m_-103.58489_32.06450?status=not_deleted,35025000900
CH4_1B2_250m_-103.54483_32.07138?status=not_deleted,35025000900
CH4_1B2_250m_-103.39556_32.03388?status=not_deleted,35025000900
CH4_1B2_250m_-103.43230_32.05848?status=not_deleted,35025000900
CH4_1B2_250m_-103.45137_32.04356?status=not_deleted,35025000900
CH4_1B2_250m_-103.44637_32.06698?status=not_deleted,35025000900
CH4_1B2_250m_-103.53531_32.02380?status=not_deleted,35025000900
CH4_1B2_250m_-103.51460_32.06606?status=not_deleted,35025000900
CH4_1B2_250m_-103.44601_32.15262?status=not_deleted,35025000900
CH4_1B2_250m_-104.07901_32.16673?status=not_deleted,35015000800
CH4_1B2_250m_-104.05957_32.16625?status=not_deleted,35015000800
CH4_1B2_250m_-104.03902_32.18754?status=not_deleted,35015000800
CH4_1B2_250m_-104.16773_32.06196?status=not_deleted,35015000800
CH4_1B2_250m_-104.08238_32.07744?status=not_deleted,35015000800
CH4_1B2_250m_-103.99596_32.12094?status=not_deleted,35015000800
CH4_1B2_250m_-103.89221_32.09423?status=not_deleted,35015000800
CH4_1B2_250m_-103.69357_32.23876?status=not_deleted,35025000900
CH4_1B2_250m_-103.73250_32.17052?status=not_deleted,35015000800
CH4_1B2_250m_-103.62888_32.21358?status=not_deleted,35025000900
CH4_1B2_250m_-103.58246_32.23952?status=not_deleted,35025000900
CH4_1B2_250m_-103.57218_32.25417?status=not_deleted,35025000900
CH4_1B2_250m_-103.59829_32.21808?status=not_deleted,35025000900
CH4_1B2_250m_-103.75121_32.10076?status=not_deleted,35015000800
CH4_1B2_250m_-103.78889_32.05409?status=not_deleted,35015000800
CH4_1B2_250m_-103.73510_32.06061?status=not_deleted,35015000800
CH4_1B2_250m_-103.41148_32.07620?status=not_deleted,35025000900
CH4_1B2_250m_-103.59568_32.07068?status=not_deleted,35025000900
CH4_1B2_250m_-103.90035_32.06446?status=not_deleted,35015000800
CH4_1B2_250m_-103.90786_32.09153?status=not_deleted,35015000800
CH4_1B2_250m_-103.48232_32.22454?status=not_deleted,35025000900
CH4_1B2_250m_-103.48402_32.20763?status=not_deleted,35025000900
CH4_1B2_250m_-103.59433_32.13812?status=not_deleted,35025000900
CH4_1B2_250m_-103.56420_32.11058?status=not_deleted,35025000900
CH4_1B2_250m_-103.51114_32.13547?status=not_deleted,35025000900
CH4_1B2_250m_-103.52071_32.12904?status=not_deleted,35025000900
CH4_1B2_250m_-103.52807_32.13579?status=not_deleted,35025000900
CH4_1B2_250m_-103.45224_32.13983?status=not_deleted,35025000900
CH4_1B2_250m_-103.51619_32.10772?status=not_deleted,35025000900
CH4_1B2_250m_-103.55116_32.07370?status=not_deleted,35025000900
CH4_1B2_250m_-103.54001_32.05356?status=not_deleted,35025000900
CH4_1B2_250m_-103.50957_32.04827?status=not_deleted,35025000900
CH4_1B2_250m_-103.42155_32.06509?status=not_deleted,35025000900
CH4_1B2_250m_-103.70726_32.32839?status=not_deleted,35025000900
CH4_1B2_250m_-103.95294_32.15261?status=not_deleted,35015000800
CH4_1B2_250m_-103.79409_32.21049?status=not_deleted,35015000800
CH4_1B2_250m_-103.59370_32.25308?status=not_deleted,35025000900
CH4_1B2_250m_-103.54978_32.26899?status=not_deleted,35025000900
CH4_1B2_250m_-103.58555_32.24044?status=not_deleted,35025000900
CH4_1B2_250m_-103.59733_32.20895?status=not_deleted,35025000900
CH4_1B2_250m_-103.53564_32.22578?status=not_deleted,35025000900
CH4_1B2_250m_-103.83594_32.03661?status=not_deleted,35015000800
CH4_1B2_250m_-103.73559_32.10441?status=not_deleted,35015000800
CH4_1B2_250m_-103.56227_32.18408?status=not_deleted,35025000900
CH4_1B2_250m_-103.57641_32.19260?status=not_deleted,35025000900
CH4_1B2_250m_-103.84667_32.03226?status=not_deleted,35015000800
CH4_1B2_250m_-103.53671_32.15048?status=not_deleted,35025000900
CH4_1B2_250m_-103.55762_32.14010?status=not_deleted,35025000900
CH4_1B2_250m_-103.50037_32.16665?status=not_deleted,35025000900
CH4_1B2_250m_-103.45908_32.15107?status=not_deleted,35025000900
CH4_1B2_250m_-103.52064_32.10810?status=not_deleted,35025000900
CH4_1B2_250m_-103.51834_32.00081?status=not_deleted,35025000900
CH4_1B2_250m_-104.15430_32.09801?status=not_deleted,35015000800
CH4_1B2_250m_-103.79547_32.32214?status=not_deleted,35015000800
CH4_1B2_250m_-104.12268_32.03547?status=not_deleted,35015000800
CH4_1B2_250m_-104.03297_32.08070?status=not_deleted,35015000800
CH4_1B2_250m_-103.81436_32.21906?status=not_deleted,35015000800
CH4_1B2_250m_-103.60504_32.02326?status=not_deleted,35025000900
CH4_1B2_250m_-103.56993_32.06389?status=not_deleted,35025000900
CH4_1B2_250m_-103.53295_32.08068?status=not_deleted,35025000900
CH4_1B2_250m_-103.55847_32.04787?status=not_deleted,35025000900
CH4_1B2_250m_-103.47520_32.09810?status=not_deleted,35025000900
CH4_1B2_250m_-103.50483_32.10385?status=not_deleted,35025000900
CH4_1B2_250m_-103.47152_32.16785?status=not_deleted,35025000900
CH4_1B2_250m_-103.89050_32.00491?status=not_deleted,35015000800
CH4_1B2_250m_-103.86384_32.09622?status=not_deleted,35015000800
CH4_1B2_250m_-103.68871_32.22648?status=not_deleted,35025000900
CH4_1B2_250m_-103.78323_32.26802?status=not_deleted,35015000800
CH4_1B2_250m_-104.09601_32.09455?status=not_deleted,35015000800
CH4_1B2_250m_-104.17624_32.06209?status=not_deleted,35015000800
CH4_1B2_250m_-104.11458_32.02753?status=not_deleted,35015000800
CH4_1B2_250m_-103.65857_32.24142?status=not_deleted,35025000900
CH4_1B2_250m_-103.93965_32.03176?status=not_deleted,35015000800
CH4_1B2_250m_-104.01247_32.00044?status=not_deleted,35015000800
CH4_1B2_250m_-103.72149_32.09985?status=not_deleted,35025000900
CH4_1B2_250m_-103.47782_32.18430?status=not_deleted,35025000900
CH4_1B2_250m_-103.69258_32.06502?status=not_deleted,35025000900
CH4_1B2_250m_-103.61197_32.09358?status=not_deleted,35025000900
CH4_1B2_250m_-103.56990_32.15083?status=not_deleted,35025000900
CH4_1B2_250m_-103.58431_32.19853?status=not_deleted,35025000900
CH4_1B2_250m_-103.52495_32.24423?status=not_deleted,35025000900
CH4_1B2_250m_-103.69076_32.17366?status=not_deleted,35025000900
CH4_1B2_250m_-104.01607_32.19193?status=not_deleted,35015000800
CH4_1B2_250m_-104.22097_32.05189?status=not_deleted,35015000800
CH4_1B2_250m_-103.74259_32.31346?status=not_deleted,35015000800
CH4_1B2_250m_-103.73377_32.31347?status=not_deleted,35015000800
CH4_1B2_250m_-103.76622_32.24805?status=not_deleted,35015000800
CH4_1B2_250m_-104.13088_32.03606?status=not_deleted,35015000800
CH4_1B2_250m_-103.90049_32.15056?status=not_deleted,35015000800
CH4_1B2_250m_-103.96266_32.22273?status=not_deleted,35015000800
CH4_1B2_250m_-104.01424_32.23441?status=not_deleted,35015000800
CH4_1B2_250m_-104.13736_32.12294?status=not_deleted,35015000800
CH4_1B2_250m_-104.10283_32.15205?status=not_deleted,35015000800
CH4_1B2_250m_-104.10753_32.07979?status=not_deleted,35015000800
CH4_1B2_250m_-103.78954_32.19701?status=not_deleted,35015000800
CH4_1B2_250m_-103.44642_32.13050?status=not_deleted,35025000900
