facility_id,sub_part_id,co2e_emission,gas_id,year
1001286,1,43.25,2,2020
1001286,1,51.554,3,2020
1001286,1,63.75,2,2021
1001286,1,75.99,3,2021
1001286,1,88.0,2,2022
1001286,1,89.5,2,2023
1001286,1,92.0,2,2014
1001286,1,95.25,2,2013
1001286,1,97.0,2,2015
1001286,1,97.25,2,2012
1001286,1,98.75,2,2010
1001286,1,98.75,2,2011
1001286,1,104.896,3,2022
1001286,1,106.684,3,2023
1001286,1,107.0,2,2019
1001286,1,109.664,3,2014
1001286,1,113.24,3,2013
1001286,1,115.624,3,2015
1001286,1,116.22,3,2011
1001286,1,116.22,3,2012
1001286,1,117.71,3,2010
1001286,1,122.25,2,2016
1001286,1,125.25,2,2018
1001286,1,127.544,3,2019
1001286,1,129.75,2,2017
1001286,1,145.722,3,2016
1001286,1,149.298,3,2018
1001286,1,154.662,3,2017
1001286,1,91993.1,1,2020
1001286,1,135644.0,1,2021
1001286,1,186842.8,1,2022
1001286,1,190314.1,1,2023
1001286,1,195307.2,1,2014
1001286,1,202158.2,1,2013
1001286,1,205927.2,1,2015
1001286,1,206080.3,1,2012
1001286,1,209403.1,1,2011
1001286,1,209576.3,1,2010
1001286,1,227100.3,1,2019
1001286,1,259448.4,1,2016
1001286,1,265784.5,1,2018
1001286,1,275223.2,1,2017
1001286,2,25.5,2,2016
1001286,2,30.396,3,2016
1001286,2,101.5,2,2011
1001286,2,109.5,2,2015
1001286,2,111.25,2,2014
1001286,2,113.0,2,2013
1001286,2,117.75,2,2012
1001286,2,120.988,3,2011
1001286,2,130.524,3,2015
1001286,2,132.61,3,2014
1001286,2,134.696,3,2013
1001286,2,140.358,3,2012
1001286,2,157.25,2,2010
1001286,2,187.442,3,2010
1001286,2,54719.2,1,2016
1001286,2,219284.9,1,2011
1001286,2,234163.8,1,2015
1001286,2,238308.5,1,2014
1001286,2,241953.5,1,2013
1001286,2,252034.6,1,2012
1001286,2,338926.1,1,2010
1001286,46,107.5,2,2012
1001286,46,114.5,2,2011
1001286,46,182.0,2,2019
1001286,46,334.0,2,2022
1001286,46,771.75,2,2023
1001286,46,1206.75,2,2018
1001286,46,1278.0,2,2017
1001286,46,2403.5,2,2013
1001286,46,2970.75,2,2021
1001286,46,3947.5,2,2020
1001286,46,4366.25,2,2014
1001286,46,5606.25,2,2015
1001286,46,7411.5,2,2016
1001286,46,289030.5,1,2020
1001286,46,374671.6,1,2017
1001286,46,382656.6,1,2018
1001286,46,428357.5,1,2016
1001286,46,430107.5,1,2019
1001286,46,493301.9,1,2015
1001286,46,521653.9,1,2013
1001286,46,531819.4,1,2014
1001286,46,545550.6,1,2021
1001286,46,618075.0,1,2012
1001286,46,633780.1,1,2011
1001286,46,665307.9,1,2023
1001286,46,763880.5,1,2022
1001626,46,62.4,1,2011
1001626,46,62.6,1,2012
1001626,46,63.1,1,2013
1001626,46,63.6,1,2014
1001626,46,64.7,1,2017
1001626,46,64.9,1,2016
1001626,46,66.0,1,2018
1001626,46,66.7,1,2015
1001626,46,66.7,1,2019
1001626,46,67.0,1,2020
1001626,46,67.4,1,2021
1001626,46,68.0,1,2022
1001626,46,68.1,1,2023
1001626,46,53809.0,2,2017
1001626,46,53894.5,2,2016
1001626,46,54760.75,2,2018
1001626,46,55311.0,2,2015
1001626,46,55412.75,2,2019
1001626,46,55582.5,2,2020
1001626,46,56055.25,2,2021
1001626,46,56468.5,2,2023
1001626,46,56474.25,2,2022
1001626,46,60207.75,2,2011
1001626,46,62542.5,2,2012
1001626,46,64070.5,2,2013
1001626,46,66329.5,2,2014
1001812,1,0.25,2,2020
1001812,1,0.298,3,2020
1001812,1,17.0,2,2019
1001812,1,19.25,2,2018
1001812,1,20.264,3,2019
1001812,1,20.75,2,2010
1001812,1,21.25,2,2014
1001812,1,21.5,2,2015
1001812,1,22.25,2,2013
1001812,1,22.5,2,2017
1001812,1,22.75,2,2011
1001812,1,22.946,3,2018
1001812,1,24.0,2,2012
1001812,1,24.734,3,2010
1001812,1,25.33,3,2014
1001812,1,25.628,3,2015
1001812,1,26.522,3,2013
1001812,1,26.82,3,2017
1001812,1,27.118,3,2011
1001812,1,28.608,3,2012
1001812,1,34.0,2,2016
1001812,1,40.528,3,2016
1001812,1,301.2,1,2020
1001812,1,36032.1,1,2019
1001812,1,40889.0,1,2018
1001812,1,43949.0,1,2010
1001812,1,45034.1,1,2014
1001812,1,45452.8,1,2015
1001812,1,46949.0,1,2013
1001812,1,47829.9,1,2017
1001812,1,48034.3,1,2011
1001812,1,50911.5,1,2012
1001812,1,72224.3,1,2016
1001812,42,0.0,1,2010
1001812,46,0.0,1,2020
1001812,46,0.298,3,2017
1001812,46,1.788,3,2019
1001812,46,2.086,3,2013
1001812,46,2.086,3,2015
1001812,46,2.384,3,2012
1001812,46,3.576,3,2018
1001812,46,5.364,3,2014
1001812,46,9.834,3,2016
1001812,46,13.112,3,2011
1001812,46,278.0,2,2017
1001812,46,887.5,2,2019
1001812,46,1527.5,2,2018
1001812,46,1578.5,2,2013
1001812,46,1647.25,2,2015
1001812,46,1676.0,2,2012
1001812,46,1951.25,2,2016
1001812,46,2610.0,2,2011
1001812,46,2815.6,1,2013
1001812,46,2903.5,2,2014
1001812,46,2999.5,1,2012
1001812,46,3241.6,1,2019
1001812,46,10630.3,1,2015
1001812,46,10635.0,1,2018
1001812,46,18523.3,1,2014
1001812,46,21814.7,1,2011
1001812,46,29242.7,1,2016
1001812,46,39250.9,1,2017
1001812,54,,1,2011
1001812,54,,1,2012
1001812,54,,1,2013
1001812,54,,1,2014
1001812,54,,1,2015
1001812,54,,1,2016
1001812,54,,1,2017
1001812,54,,1,2018
1001812,54,,1,2019
1001812,54,,1,2020
1001982,1,4.0,2,2020
1001982,1,4.5,2,2021
1001982,1,4.768,3,2020
1001982,1,5.0,2,2019
1001982,1,5.364,3,2021
1001982,1,5.96,3,2019
1001982,1,7.75,2,2018
1001982,1,9.238,3,2018
1001982,1,15.0,2,2023
1001982,1,15.25,2,2022
1001982,1,17.88,3,2023
1001982,1,18.178,3,2022
1001982,1,19.25,2,2015
1001982,1,19.75,2,2017
1001982,1,20.25,2,2011
1001982,1,20.25,2,2014
1001982,1,20.25,2,2016
1001982,1,21.5,2,2013
1001982,1,21.75,2,2010
1001982,1,22.946,3,2015
1001982,1,23.5,2,2012
1001982,1,23.542,3,2017
1001982,1,24.138,3,2014
1001982,1,24.138,3,2016
1001982,1,24.436,3,2011
1001982,1,25.926,3,2010
1001982,1,26.82,3,2013
1001982,1,28.012,3,2012
1001982,1,8505.2,1,2020
1001982,1,9730.0,1,2021
1001982,1,10590.8,1,2019
1001982,1,16379.9,1,2018
1001982,1,31898.5,1,2023
1001982,1,32367.3,1,2022
1001982,1,40846.5,1,2015
1001982,1,41807.6,1,2017
1001982,1,42733.6,1,2016
1001982,1,43039.9,1,2014
1001982,1,43190.8,1,2011
1001982,1,45804.3,1,2013
1001982,1,46038.1,1,2010
1001982,1,49823.5,1,2012
1001982,46,0.7,1,2012
1001982,46,0.9,1,2011
1001982,46,0.9,1,2014
1001982,46,1.7,1,2013
1001982,46,1.9,1,2018
1001982,46,1.9,1,2022
1001982,46,2.9,1,2019
1001982,46,2.9,1,2020
1001982,46,3.0,1,2017
1001982,46,3.7,1,2015
1001982,46,3.9,1,2021
1001982,46,4.8,1,2016
1001982,46,6.4,1,2023
1001982,46,927.75,2,2011
1001982,46,1058.75,2,2012
1001982,46,1614.75,2,2022
1001982,46,1630.25,2,2018
1001982,46,2470.0,2,2020
1001982,46,2510.5,2,2019
1001982,46,2526.0,2,2014
1001982,46,2594.75,2,2017
1001982,46,2891.25,2,2013
1001982,46,3265.25,2,2015
1001982,46,3400.5,2,2021
1001982,46,4110.25,2,2016
1001982,46,5539.25,2,2023
1002118,1,20.0,2,2018
1002118,1,20.5,2,2021
1002118,1,21.0,2,2019
1002118,1,21.25,2,2011
1002118,1,21.5,2,2023
1002118,1,23.25,2,2017
1002118,1,23.75,2,2015
1002118,1,23.84,3,2018
1002118,1,24.436,3,2021
1002118,1,25.0,2,2022
1002118,1,25.032,3,2019
1002118,1,25.25,2,2010
1002118,1,25.33,3,2011
1002118,1,25.628,3,2023
1002118,1,26.25,2,2020
1002118,1,26.5,2,2016
1002118,1,27.714,3,2017
1002118,1,28.31,3,2015
1002118,1,29.0,2,2013
1002118,1,29.8,3,2022
1002118,1,30.0,2,2014
1002118,1,30.098,3,2010
1002118,1,30.25,2,2012
1002118,1,31.29,3,2020
1002118,1,31.588,3,2016
1002118,1,35.76,3,2013
1002118,1,35.76,3,2014
1002118,1,36.058,3,2012
1002118,1,42577.5,1,2018
1002118,1,43530.8,1,2021
1002118,1,44456.2,1,2019
1002118,1,45018.6,1,2011
1002118,1,45610.0,1,2023
1002118,1,49154.2,1,2017
1002118,1,50573.5,1,2015
1002118,1,53086.5,1,2022
1002118,1,53301.8,1,2010
1002118,1,55671.7,1,2020
1002118,1,56000.2,1,2016
1002118,1,61321.7,1,2013
1002118,1,63638.0,1,2014
1002118,1,63960.8,1,2012
1002118,46,0.6,1,2014
1002118,46,0.8,1,2013
1002118,46,1.0,1,2012
1002118,46,1.9,1,2022
1002118,46,2.4,1,2011
1002118,46,2.4,1,2018
1002118,46,2.7,1,2017
1002118,46,2.7,1,2021
1002118,46,3.3,1,2019
1002118,46,3.6,1,2016
1002118,46,3.7,1,2020
1002118,46,3.9,1,2023
1002118,46,4.2,1,2015
1002118,46,1613.25,2,2013
1002118,46,1641.0,2,2022
1002118,46,1659.0,2,2014
1002118,46,1815.75,2,2012
1002118,46,2097.75,2,2018
1002118,46,2304.0,2,2017
1002118,46,2314.0,2,2021
1002118,46,2555.0,2,2011
1002118,46,2890.0,2,2019
1002118,46,3106.75,2,2016
1002118,46,3166.25,2,2020
1002118,46,3340.0,2,2023
1002118,46,3774.25,2,2015
1002233,1,0.25,2,2018
1002233,1,0.298,3,2018
1002233,1,6.75,2,2014
1002233,1,8.046,3,2014
1002233,1,13.75,2,2013
1002233,1,16.25,2,2010
1002233,1,16.39,3,2013
1002233,1,17.25,2,2012
1002233,1,17.5,2,2011
1002233,1,20.562,3,2012
1002233,1,20.86,3,2010
1002233,1,20.86,3,2011
1002233,1,268.4,1,2018
1002233,1,14449.7,1,2014
1002233,1,29357.9,1,2013
1002233,1,34558.0,1,2010
1002233,1,36726.2,1,2012
1002233,1,37051.6,1,2011
1002233,46,0.298,3,2011
1002233,46,1.192,3,2018
1002233,46,2.086,3,2017
1002233,46,46.786,3,2014
1002233,46,52.0,2,2013
1002233,46,52.0,2,2014
1002233,46,92.38,3,2015
1002233,46,202.2,1,2013
1002233,46,320.75,2,2012
1002233,46,402.2,1,2012
1002233,46,405.28,3,2016
1002233,46,535.25,2,2011
1002233,46,995.3,1,2011
1002233,46,2659.9,1,2018
1002233,46,4881.0,1,2017
1002233,46,7617.7,1,2016
1002233,46,235203.6,1,2014
1002233,46,465847.3,1,2015
1002264,1,99.25,2,2023
1002264,1,100.0,2,2014
1002264,1,101.5,2,2022
1002264,1,101.75,2,2016
1002264,1,102.25,2,2017
1002264,1,102.5,2,2018
1002264,1,103.25,2,2012
1002264,1,103.5,2,2015
1002264,1,104.25,2,2020
1002264,1,104.5,2,2013
1002264,1,106.5,2,2021
1002264,1,109.5,2,2019
1002264,1,109.75,2,2010
1002264,1,117.5,2,2011
1002264,1,118.306,3,2023
1002264,1,119.2,3,2014
1002264,1,120.988,3,2022
1002264,1,121.286,3,2016
1002264,1,121.882,3,2017
1002264,1,122.18,3,2018
1002264,1,123.074,3,2012
1002264,1,123.372,3,2015
1002264,1,124.266,3,2020
1002264,1,124.564,3,2013
1002264,1,126.948,3,2021
1002264,1,130.524,3,2019
1002264,1,131.12,3,2010
1002264,1,140.06,3,2011
1002264,1,211342.1,1,2023
1002264,1,212007.3,1,2014
1002264,1,215655.7,1,2022
1002264,1,216531.6,1,2016
1002264,1,217213.7,1,2017
1002264,1,217669.7,1,2018
1002264,1,219538.1,1,2012
1002264,1,219668.6,1,2015
1002264,1,221117.4,1,2013
1002264,1,222017.2,1,2020
1002264,1,226724.4,1,2021
1002264,1,232245.4,1,2019
1002264,1,232902.0,1,2010
1002264,1,248960.9,1,2011
1002264,46,0.894,3,2017
1002264,46,1.192,3,2018
1002264,46,1.192,3,2019
1002264,46,1.49,3,2012
1002264,46,1.49,3,2013
1002264,46,1.49,3,2014
1002264,46,1.49,3,2015
1002264,46,1.49,3,2016
1002264,46,2.086,3,2011
1002264,46,2.086,3,2020
1002264,46,8.344,3,2021
1002264,46,11.324,3,2022
1002264,46,13.41,3,2023
1002264,46,1052.75,2,2014
1002264,46,1171.2,1,2018
1002264,46,1341.0,2,2023
1002264,46,1344.1,1,2017
1002264,46,1373.5,2,2013
1002264,46,1438.75,2,2022
1002264,46,1479.25,2,2018
1002264,46,1833.75,2,2021
1002264,46,2016.5,1,2019
1002264,46,2075.75,2,2020
1002264,46,2326.0,2,2017
1002264,46,2351.5,1,2015
1002264,46,2352.0,2,2015
1002264,46,2396.2,1,2016
1002264,46,2531.6,1,2012
1002264,46,2592.8,1,2014
1002264,46,2616.4,1,2013
1002264,46,2750.5,2,2012
1002264,46,2754.0,2,2019
1002264,46,2808.0,2,2011
1002264,46,3102.0,2,2016
1002264,46,3577.8,1,2020
1002264,46,3765.5,1,2011
1002264,46,14054.0,1,2021
1002264,46,17844.1,1,2022
1002264,46,20914.7,1,2023
1002447,1,2.75,2,2016
1002447,1,3.0,2,2020
1002447,1,3.278,3,2016
1002447,1,3.576,3,2020
1002447,1,5.96,3,2012
1002447,1,6.0,2,2012
1002447,1,6.0,2,2013
1002447,1,6.0,2,2019
1002447,1,6.0,2,2021
1002447,1,6.5,2,2015
1002447,1,7.152,3,2013
1002447,1,7.152,3,2019
1002447,1,7.152,3,2021
1002447,1,7.748,3,2015
1002447,1,8.5,2,2014
1002447,1,9.75,2,2023
1002447,1,10.0,2,2010
1002447,1,10.132,3,2014
1002447,1,11.0,2,2011
1002447,1,11.0,2,2022
1002447,1,11.622,3,2023
1002447,1,11.92,3,2010
1002447,1,11.92,3,2011
1002447,1,13.112,3,2022
1002447,1,5726.4,1,2016
1002447,1,6290.1,1,2020
1002447,1,12549.9,1,2019
1002447,1,12634.2,1,2012
1002447,1,12641.1,1,2021
1002447,1,12891.3,1,2013
1002447,1,13826.4,1,2015
1002447,1,18122.4,1,2014
1002447,1,20646.4,1,2023
1002447,1,21202.1,1,2010
1002447,1,23116.8,1,2022
1002447,1,23210.7,1,2011
1002447,42,0.0,1,2010
1002447,46,0.298,3,2013
1002447,46,0.298,3,2016
1002447,46,0.596,3,2014
1002447,46,0.596,3,2019
1002447,46,0.596,3,2020
1002447,46,0.596,3,2022
1002447,46,1.192,3,2021
1002447,46,2.086,3,2012
1002447,46,5.066,3,2011
1002447,46,194.25,2,2022
1002447,46,200.25,2,2016
1002447,46,251.75,2,2023
1002447,46,281.75,2,2020
1002447,46,292.7,1,2015
1002447,46,307.5,2,2019
1002447,46,391.25,2,2015
1002447,46,413.25,2,2021
1002447,46,850.25,2,2014
1002447,46,912.0,2,2013
1002447,46,942.5,1,2023
1002447,46,2297.4,1,2016
1002447,46,2428.1,1,2012
1002447,46,2698.4,1,2011
1002447,46,2992.8,1,2020
1002447,46,3227.7,1,2022
1002447,46,3717.9,1,2013
1002447,46,4221.7,1,2014
1002447,46,4356.8,1,2019
1002447,46,6807.4,1,2021
1002447,46,9090.0,2,2011
1002447,46,9373.0,2,2012
1002515,1,28.6,2,2010
1002515,1,29.5,2,2017
1002515,1,29.5,2,2018
1002515,1,30.75,2,2019
1002515,1,31.75,2,2016
1002515,1,31.9925,2,2015
1002515,1,32.05,2,2014
1002515,1,33.972,3,2010
1002515,1,34.25,2,2021
1002515,1,34.375,2,2013
1002515,1,35.164,3,2017
1002515,1,35.164,3,2018
1002515,1,35.875,2,2011
1002515,1,36.654,3,2019
1002515,1,37.0,2,2012
1002515,1,37.0,2,2022
1002515,1,37.0,2,2023
1002515,1,37.25,2,2020
1002515,1,37.846,3,2016
1002515,1,38.144,3,2014
1002515,1,38.144,3,2015
1002515,1,40.826,3,2013
1002515,1,40.826,3,2021
1002515,1,42.912,3,2011
1002515,1,44.104,3,2012
1002515,1,44.104,3,2022
1002515,1,44.104,3,2023
1002515,1,44.402,3,2020
1002515,1,60651.664,1,2010
1002515,1,62546.9,1,2017
1002515,1,62788.5,1,2018
1002515,1,65355.4,1,2019
1002515,1,67574.3,1,2016
1002515,1,67902.4917,1,2015
1002515,1,68039.729,1,2014
1002515,1,72893.2,1,2021
1002515,1,72934.699,1,2013
1002515,1,76105.438,1,2011
1002515,1,78417.4,1,2023
1002515,1,78486.852,1,2012
1002515,1,78744.3,1,2022
1002515,1,78993.4,1,2020
1002515,46,0.894,3,2020
1002515,46,1.192,3,2021
1002515,46,1.192,3,2022
1002515,46,1.192,3,2023
1002515,46,1.49,3,2017
1002515,46,2.384,3,2019
1002515,46,3.576,3,2016
1002515,46,3.874,3,2018
1002515,46,4.172,3,2014
1002515,46,6.258,3,2012
1002515,46,8.046,3,2013
1002515,46,9.834,3,2011
1002515,46,11.622,3,2015
1002515,46,1232.25,2,2020
1002515,46,1825.25,2,2019
1002515,46,2364.75,2,2018
1002515,46,2445.5,2,2022
1002515,46,2532.25,2,2023
1002515,46,3134.5,2,2017
1002515,46,3299.0,2,2016
1002515,46,4542.25,2,2021
1002515,46,4765.4025,2,2015
1002515,46,7056.4,2,2011
1002515,46,7136.925,2,2014
1002515,46,9776.125,2,2012
1002515,46,10347.0,1,2023
1002515,46,10365.825,2,2013
1002515,46,15184.3,1,2020
1002515,46,15279.1,1,2022
1002515,46,15565.4,1,2017
1002515,46,15873.5,1,2021
1002515,46,19284.5,1,2018
1002515,46,20318.1,1,2019
1002515,46,22447.9,1,2016
1002515,46,22782.108,1,2014
1002515,46,25606.521,1,2012
1002515,46,26834.129,1,2011
1002515,46,29404.032,1,2013
1002515,46,36189.0072,1,2015
1002515,54,,1,2011
1002515,54,,1,2012
1002515,54,,1,2013
1002515,54,,1,2014
1002515,54,,1,2015
1002515,54,,1,2016
1002515,54,,1,2017
1002515,54,,1,2018
1002515,54,,1,2019
1002515,54,,1,2020
1002515,54,,1,2021
1002515,54,,1,2022
1002515,54,,1,2023
1003085,1,9.75,2,2021
1003085,1,11.25,2,2020
1003085,1,11.25,2,2022
1003085,1,11.5,2,2023
1003085,1,11.622,3,2021
1003085,1,13.0,2,2019
1003085,1,13.41,3,2020
1003085,1,13.41,3,2022
1003085,1,13.708,3,2023
1003085,1,15.496,3,2019
1003085,1,20687.1,1,2021
1003085,1,23681.2,1,2022
1003085,1,24076.0,1,2020
1003085,1,24245.8,1,2023
1003085,1,27616.8,1,2019
1003085,46,1.2,1,2019
1003085,46,4.7,1,2023
1003085,46,5.2,1,2020
1003085,46,32.9,1,2021
1003085,46,123.3,1,2022
1003085,46,1060.5,2,2019
1003085,46,4054.25,2,2023
1003085,46,4524.75,2,2020
1003085,46,28529.75,2,2021
1003085,46,106895.0,2,2022
1003130,1,23.75,2,2020
1003130,1,28.31,3,2020
1003130,1,29.75,2,2012
1003130,1,34.0,2,2013
1003130,1,35.76,3,2012
1003130,1,38.25,2,2010
1003130,1,38.25,2,2011
1003130,1,40.528,3,2013
1003130,1,45.594,3,2010
1003130,1,45.594,3,2011
1003130,1,46.0,2,2014
1003130,1,46.25,2,2018
1003130,1,46.25,2,2019
1003130,1,46.75,2,2017
1003130,1,50.0,2,2016
1003130,1,54.5,2,2015
1003130,1,54.832,3,2014
1003130,1,55.13,3,2018
1003130,1,55.13,3,2019
1003130,1,55.726,3,2017
1003130,1,59.6,3,2016
1003130,1,64.964,3,2015
1003130,1,50252.7,1,2020
1003130,1,63169.0,1,2012
1003130,1,71873.1,1,2013
1003130,1,80888.0,1,2011
1003130,1,81353.0,1,2010
1003130,1,97703.3,1,2014
1003130,1,97984.1,1,2018
1003130,1,98256.8,1,2019
1003130,1,99376.5,1,2017
1003130,1,105993.3,1,2016
1003130,1,115689.7,1,2015
1003130,42,0.0,1,2010
1003130,46,0.298,3,2018
1003130,46,0.894,3,2012
1003130,46,0.894,3,2013
1003130,46,0.894,3,2017
1003130,46,0.894,3,2020
1003130,46,1.192,3,2016
1003130,46,1.49,3,2015
1003130,46,2.98,3,2019
1003130,46,3.576,3,2011
1003130,46,7.45,3,2014
1003130,46,74.75,2,2018
1003130,46,192.0,2,2012
1003130,46,305.0,2,2020
1003130,46,499.6,1,2018
1003130,46,683.5,2,2016
1003130,46,688.25,2,2017
1003130,46,914.25,2,2011
1003130,46,964.0,2,2019
1003130,46,1275.75,2,2013
1003130,46,1381.25,2,2015
1003130,46,1624.3,1,2017
1003130,46,1780.0,1,2020
1003130,46,1813.2,1,2012
1003130,46,2252.8,1,2016
1003130,46,2378.0,1,2013
1003130,46,2685.25,2,2014
1003130,46,2866.5,1,2015
1003130,46,3684.7,1,2011
1003130,46,5628.8,1,2019
1003130,46,25550.4,1,2014
1003130,54,,1,2014
1003130,54,,1,2015
1003130,54,,1,2016
1003217,1,8.25,2,2022
1003217,1,8.75,2,2023
1003217,1,9.5,2,2020
1003217,1,9.75,2,2021
1003217,1,9.834,3,2022
1003217,1,10.43,3,2023
1003217,1,11.0,2,2019
1003217,1,11.324,3,2020
1003217,1,11.622,3,2021
1003217,1,13.112,3,2019
1003217,1,17538.8,1,2022
1003217,1,18417.8,1,2023
1003217,1,19945.5,1,2020
1003217,1,20440.1,1,2021
1003217,1,23159.6,1,2019
1003217,46,1.8,1,2020
1003217,46,5.5,1,2021
1003217,46,10.5,1,2019
1003217,46,31.5,1,2022
1003217,46,31.9,1,2023
1003217,46,1578.75,2,2020
1003217,46,4802.25,2,2021
1003217,46,9132.75,2,2019
1003217,46,27304.25,2,2022
1003217,46,27680.75,2,2023
1003313,1,37.5,2,2015
1003313,1,39.25,2,2014
1003313,1,44.7,3,2015
1003313,1,46.786,3,2014
1003313,1,50.75,2,2013
1003313,1,55.5,2,2012
1003313,1,59.6,3,2013
1003313,1,63.75,2,2011
1003313,1,65.56,3,2012
1003313,1,68.5,2,2010
1003313,1,74.5,3,2011
1003313,1,81.652,3,2010
1003313,1,79380.2,1,2015
1003313,1,83188.4,1,2014
1003313,1,107876.5,1,2013
1003313,1,117834.1,1,2012
1003313,1,135053.2,1,2011
1003313,1,145477.2,1,2010
1003313,42,0.0,1,2010
1003313,46,0.0,1,2014
1003313,46,245.0,1,2013
1003313,46,276.6,1,2012
1003313,46,25219.25,2,2013
1003313,46,28761.25,2,2011
1003313,46,29660.5,2,2012
1003313,46,47272.2,1,2011
1003315,1,35.0,2,2022
1003315,1,41.72,3,2022
1003315,1,55.0,2,2021
1003315,1,57.0,2,2019
1003315,1,57.25,2,2018
1003315,1,58.0,2,2020
1003315,1,59.0,2,2017
1003315,1,60.5,2,2016
1003315,1,65.0,2,2015
1003315,1,65.56,3,2021
1003315,1,66.75,2,2013
1003315,1,67.944,3,2019
1003315,1,68.242,3,2018
1003315,1,68.75,2,2014
1003315,1,69.136,3,2020
1003315,1,70.924,3,2017
1003315,1,71.25,2,2011
1003315,1,72.414,3,2016
1003315,1,73.25,2,2012
1003315,1,76.75,2,2010
1003315,1,77.778,3,2015
1003315,1,80.46,3,2013
1003315,1,82.248,3,2014
1003315,1,83.738,3,2011
1003315,1,86.718,3,2012
1003315,1,91.784,3,2010
1003315,1,74128.6,1,2022
1003315,1,116492.7,1,2021
1003315,1,121077.1,1,2019
1003315,1,121192.7,1,2018
1003315,1,122630.3,1,2020
1003315,1,124920.2,1,2017
1003315,1,128042.8,1,2016
1003315,1,137455.0,1,2015
1003315,1,141335.8,1,2013
1003315,1,145670.9,1,2014
1003315,1,150534.2,1,2011
1003315,1,155003.0,1,2012
1003315,1,162896.2,1,2010
1003315,42,0.0,1,2010
1003315,46,1.49,3,2022
1003315,46,2.384,3,2011
1003315,46,2.384,3,2016
1003315,46,2.384,3,2018
1003315,46,2.682,3,2012
1003315,46,2.98,3,2014
1003315,46,2.98,3,2019
1003315,46,3.278,3,2015
1003315,46,3.576,3,2021
1003315,46,3.874,3,2017
1003315,46,4.768,3,2013
1003315,46,5.662,3,2020
1003315,46,5826.0,2,2016
1003315,46,5900.5,2,2015
1003315,46,7905.75,2,2017
1003315,46,8098.6,1,2022
1003315,46,9905.0,2,2014
1003315,46,10771.75,2,2022
1003315,46,11940.0,1,2012
1003315,46,19598.5,2,2021
1003315,46,24711.1,1,2021
1003315,46,26551.7,1,2018
1003315,46,26846.1,1,2011
1003315,46,26974.3,1,2016
1003315,46,27231.25,2,2013
1003315,46,29114.6,1,2020
1003315,46,29235.6,1,2017
1003315,46,29416.6,1,2019
1003315,46,29505.8,1,2015
1003315,46,31303.0,1,2014
1003315,46,32696.2,1,2013
1003315,46,72225.0,2,2011
1003315,46,73004.5,2,2012
1003315,46,74244.0,2,2019
1003315,46,76088.0,2,2018
1003315,46,78147.5,2,2020
1003323,1,0.25,2,2012
1003323,1,0.298,3,2012
1003323,1,25.75,2,2011
1003323,1,27.0,2,2010
1003323,1,29.8,3,2011
1003323,1,32.184,3,2010
1003323,1,582.7,1,2012
1003323,1,54596.1,1,2011
1003323,1,57013.5,1,2010
1003323,42,0.0,1,2010
1003323,46,0.0,1,2014
1003323,46,3.874,3,2011
1003323,46,34.8,1,2012
1003323,46,225.5,2,2012
1003323,46,25782.75,2,2011
1003323,46,29523.3,1,2011
1003735,1,5.5,2,2016
1003735,1,6.556,3,2016
1003735,1,32.0,2,2013
1003735,1,35.5,2,2015
1003735,1,36.75,2,2014
1003735,1,38.25,2,2010
1003735,1,38.74,3,2013
1003735,1,40.0,2,2012
1003735,1,42.316,3,2015
1003735,1,43.806,3,2014
1003735,1,47.68,3,2012
1003735,1,52.5,2,2011
1003735,1,62.58,3,2011
1003735,1,182.376,3,2010
1003735,1,11869.4,1,2016
1003735,1,68049.7,1,2013
1003735,1,75194.1,1,2015
1003735,1,78011.7,1,2014
1003735,1,81154.8,1,2010
1003735,1,84795.8,1,2012
1003735,1,111286.5,1,2011
1003735,46,0.596,3,2015
1003735,46,0.894,3,2016
1003735,46,2.98,3,2014
1003735,46,3.576,3,2013
1003735,46,9.238,3,2011
1003735,46,23.244,3,2012
1003735,46,967.75,2,2016
1003735,46,2700.0,2,2015
1003735,46,2733.25,2,2014
1003735,46,2771.0,1,2016
1003735,46,4325.0,2,2013
1003735,46,9462.5,2,2012
1003735,46,9466.8,1,2015
1003735,46,15449.4,1,2013
1003735,46,17064.7,1,2014
1003735,46,29956.5,1,2011
1003735,46,31513.25,2,2011
1003735,46,58968.5,1,2012
1004237,1,118.0,2,2010
1004237,1,125.25,2,2014
1004237,1,126.75,2,2013
1004237,1,129.0,2,2012
1004237,1,130.0,2,2011
1004237,1,130.0,2,2015
1004237,1,140.656,3,2010
1004237,1,149.298,3,2014
1004237,1,151.086,3,2013
1004237,1,153.768,3,2012
1004237,1,154.96,3,2011
1004237,1,154.96,3,2015
1004237,1,250042.4,1,2010
1004237,1,265943.6,1,2014
1004237,1,269318.8,1,2013
1004237,1,274306.8,1,2012
1004237,1,275070.2,1,2011
1004237,1,276035.1,1,2015
1004237,46,0.298,3,2011
1004237,46,0.298,3,2012
1004237,46,0.298,3,2013
1004237,46,0.298,3,2014
1004237,46,0.894,3,2015
1004237,46,362.5,1,2014
1004237,46,396.4,1,2011
1004237,46,606.5,1,2012
1004237,46,615.2,1,2013
1004237,46,1325.1,1,2015
1004237,46,5502.25,2,2012
1004237,46,9226.5,2,2013
1004237,46,18270.0,2,2011
1004237,46,18906.75,2,2014
1004237,46,31000.0,2,2015
1004499,1,135.0,2,2022
1004499,1,136.25,2,2023
1004499,1,152.5,2,2019
1004499,1,152.5,2,2021
1004499,1,154.0,2,2020
1004499,1,160.25,2,2017
1004499,1,160.75,2,2018
1004499,1,160.92,3,2022
1004499,1,162.41,3,2023
1004499,1,177.0,2,2015
1004499,1,181.78,3,2019
1004499,1,181.78,3,2021
1004499,1,183.5,2,2014
1004499,1,183.5,2,2016
1004499,1,183.568,3,2020
1004499,1,189.25,2,2012
1004499,1,191.018,3,2017
1004499,1,191.614,3,2018
1004499,1,191.75,2,2013
1004499,1,207.5,2,2011
1004499,1,209.5,2,2010
1004499,1,210.984,3,2015
1004499,1,218.732,3,2014
1004499,1,218.732,3,2016
1004499,1,225.586,3,2012
1004499,1,228.566,3,2013
1004499,1,247.042,3,2011
1004499,1,250.022,3,2010
1004499,1,287420.0,1,2022
1004499,1,289629.1,1,2023
1004499,1,322761.2,1,2019
1004499,1,323058.4,1,2021
1004499,1,327540.7,1,2020
1004499,1,341029.9,1,2017
1004499,1,342450.0,1,2018
1004499,1,376155.4,1,2015
1004499,1,389161.2,1,2014
1004499,1,389554.4,1,2016
1004499,1,401366.1,1,2012
1004499,1,407024.9,1,2013
1004499,1,439376.6,1,2011
1004499,1,442887.8,1,2010
1004499,46,4.172,3,2016
1004499,46,7.152,3,2017
1004499,46,7.45,3,2015
1004499,46,7.45,3,2023
1004499,46,7.748,3,2018
1004499,46,8.046,3,2022
1004499,46,8.642,3,2011
1004499,46,8.642,3,2019
1004499,46,8.94,3,2013
1004499,46,9.536,3,2021
1004499,46,9.834,3,2012
1004499,46,10.132,3,2014
1004499,46,11.324,3,2020
1004499,46,9254.8,1,2016
1004499,46,12651.5,1,2017
1004499,46,13507.4,1,2023
1004499,46,14066.9,1,2022
1004499,46,14110.0,1,2013
1004499,46,14571.6,1,2015
1004499,46,14667.9,1,2018
1004499,46,15112.75,2,2013
1004499,46,17130.0,1,2019
1004499,46,17471.5,1,2021
1004499,46,18700.9,1,2011
1004499,46,18874.6,1,2014
1004499,46,19647.0,2,2021
1004499,46,20149.3,1,2020
1004499,46,20205.0,1,2012
1004499,46,21538.0,2,2014
1004499,46,26955.25,2,2020
1004499,46,29098.0,2,2015
1004499,46,29347.0,2,2022
1004499,46,30096.75,2,2016
1004499,46,30707.25,2,2012
1004499,46,31016.5,2,2018
1004499,46,31800.5,2,2023
1004499,46,39319.0,2,2017
1004499,46,48962.5,2,2019
1004499,46,56252.0,2,2011
1004502,1,13.25,2,2023
1004502,1,15.794,3,2023
1004502,1,21.0,2,2022
1004502,1,25.032,3,2022
1004502,1,25.25,2,2021
1004502,1,30.098,3,2021
1004502,1,65.0,2,2020
1004502,1,77.48,3,2020
1004502,1,82.75,2,2019
1004502,1,91.0,2,2018
1004502,1,92.25,2,2013
1004502,1,93.0,2,2017
1004502,1,93.5,2,2016
1004502,1,98.638,3,2019
1004502,1,104.25,2,2014
1004502,1,105.25,2,2012
1004502,1,105.25,2,2015
1004502,1,108.472,3,2018
1004502,1,109.5,2,2010
1004502,1,109.962,3,2013
1004502,1,110.856,3,2017
1004502,1,111.452,3,2016
1004502,1,113.0,2,2011
1004502,1,124.266,3,2014
1004502,1,125.458,3,2012
1004502,1,125.458,3,2015
1004502,1,130.524,3,2010
1004502,1,134.696,3,2011
1004502,1,27544.4,1,2023
1004502,1,44282.9,1,2022
1004502,1,53619.1,1,2021
1004502,1,138009.0,1,2020
1004502,1,176447.4,1,2019
1004502,1,193399.4,1,2018
1004502,1,195228.6,1,2013
1004502,1,197507.8,1,2016
1004502,1,198185.8,1,2017
1004502,1,221940.0,1,2014
1004502,1,223772.2,1,2015
1004502,1,223876.7,1,2012
1004502,1,232349.0,1,2010
1004502,1,239846.0,1,2011
1004502,46,1.25,2,2011
1004502,46,84.0,2,2021
1004502,46,116.75,2,2012
1004502,46,143.0,2,2020
1004502,46,293.0,2,2022
1004502,46,443.75,2,2023
1004502,46,448.5,2,2017
1004502,46,603.0,2,2016
1004502,46,619.25,2,2015
1004502,46,842.0,2,2014
1004502,46,1136.75,2,2013
1004502,46,1610.25,2,2019
1004502,46,5698.25,2,2018
1004502,46,122639.2,1,2023
1004502,46,151304.0,1,2022
1004502,46,219098.4,1,2021
1004502,46,389270.1,1,2020
1004502,46,544045.1,1,2019
1004502,46,564610.6,1,2016
1004502,46,602806.6,1,2015
1004502,46,634580.3,1,2018
1004502,46,658394.0,1,2017
1004502,46,1252583.2,1,2013
1004502,46,1304526.5,1,2014
1004502,46,1401948.2,1,2012
1004502,46,1416313.4,1,2011
1004595,1,5.75,2,2013
1004595,1,5.75,2,2015
1004595,1,6.0,2,2014
1004595,1,6.854,3,2013
1004595,1,6.854,3,2015
1004595,1,7.152,3,2014
1004595,1,10.25,2,2012
1004595,1,12.218,3,2012
1004595,1,13.75,2,2011
1004595,1,16.0,2,2010
1004595,1,16.39,3,2011
1004595,1,19.668,3,2010
1004595,1,11901.5,1,2013
1004595,1,12287.0,1,2015
1004595,1,12502.8,1,2014
1004595,1,22327.9,1,2012
1004595,1,29163.6,1,2011
1004595,1,33708.2,1,2010
1004595,46,0.9,1,2014
1004595,46,2.4,1,2015
1004595,46,14.0,1,2013
1004595,46,88.5,2,2014
1004595,46,237.5,2,2015
1004595,46,1512.75,2,2013
1004595,46,4849.0,2,2012
1004595,46,4909.5,2,2011
1004595,46,56293.0,1,2011
1004595,46,57888.8,1,2012
1004843,1,19.75,2,2013
1004843,1,22.0,2,2011
1004843,1,23.542,3,2013
1004843,1,24.724707,2,2019
1004843,1,24.75,2,2016
1004843,1,25.25,2,2012
1004843,1,26.224,3,2011
1004843,1,26.75,2,2017
1004843,1,26.85891,2,2018
1004843,1,27.75,2,2010
1004843,1,29.042475,2,2020
1004843,1,29.471850744,3,2019
1004843,1,29.502,3,2016
1004843,1,29.75,2,2015
1004843,1,30.098,3,2012
1004843,1,30.5,2,2014
1004843,1,31.886,3,2017
1004843,1,32.01582072,3,2018
1004843,1,33.078,3,2010
1004843,1,34.6186302,3,2020
1004843,1,35.462,3,2015
1004843,1,36.356,3,2014
1004843,1,40824.1,1,2013
1004843,1,46362.0,1,2011
1004843,1,52475.7181368,1,2019
1004843,1,52476.3,1,2016
1004843,1,54087.9,1,2012
1004843,1,56732.8,1,2017
1004843,1,57005.350584,1,2018
1004843,1,59046.3,1,2010
1004843,1,61639.74894,1,2020
1004843,1,63409.2,1,2015
1004843,1,64444.3,1,2014
1004843,46,0.298,3,2015
1004843,46,1.0598680793,3,2020
1004843,46,1.49,3,2017
1004843,46,2.1480271941,3,2019
1004843,46,2.98,3,2011
1004843,46,2.98,3,2014
1004843,46,2.98,3,2016
1004843,46,3.109460874,3,2018
1004843,46,9.536,3,2013
1004843,46,2248.7,1,2012
1004843,46,3555.25,2,2017
1004843,46,4483.9601237825,2,2018
1004843,46,4534.1255891007,2,2019
1004843,46,4992.0,2,2015
1004843,46,4999.5,2,2014
1004843,46,5346.4,1,2014
1004843,46,5558.5,2,2016
1004843,46,6069.75,2,2011
1004843,46,6797.0,2,2013
1004843,46,7514.5,2,2012
1004843,46,10866.392225501,1,2020
1004843,46,15498.9,1,2015
1004843,46,15758.1,1,2016
1004843,46,15780.0192719486,1,2019
1004843,46,17766.0996516262,2,2020
1004843,46,20311.1,1,2017
1004843,46,23149.03776103,1,2018
1004843,46,31007.7,1,2011
1004843,46,36319.9,1,2013
1004893,1,21.75,2,2014
1004893,1,22.75,2,2011
1004893,1,22.75,2,2015
1004893,1,24.25,2,2016
1004893,1,25.0,2,2010
1004893,1,25.25,2,2012
1004893,1,25.926,3,2014
1004893,1,27.04758303,2,2018
1004893,1,27.118,3,2011
1004893,1,27.118,3,2015
1004893,1,28.25,2,2017
1004893,1,28.906,3,2016
1004893,1,29.3661018,2,2019
1004893,1,29.8,3,2010
1004893,1,30.098,3,2012
1004893,1,30.2513365,2,2023
1004893,1,31.672928625,2,2022
1004893,1,32.2407189718,3,2018
1004893,1,33.099293825,2,2021
1004893,1,33.5,2,2013
1004893,1,33.674,3,2017
1004893,1,35.0043933456,3,2019
1004893,1,36.059593108,3,2023
1004893,1,37.754130921,3,2022
1004893,1,39.4543582394,3,2021
1004893,1,39.932,3,2013
1004893,1,46.218125,2,2020
1004893,1,55.092005,3,2020
1004893,1,45965.0,1,2014
1004893,1,47961.8,1,2015
1004893,1,49093.5,1,2011
1004893,1,51284.7,1,2016
1004893,1,53561.5,1,2012
1004893,1,53968.5,1,2010
1004893,1,57405.790222872,1,2018
1004893,1,60216.1,1,2017
1004893,1,62326.61446032,1,2019
1004893,1,64205.4365876,1,2023
1004893,1,67222.6237137,1,2022
1004893,1,70249.94121418,1,2021
1004893,1,71227.6,1,2013
1004893,1,98093.3485,1,2020
1004893,46,1.49,3,2012
1004893,46,3.6122784427,3,2022
1004893,46,3.874,3,2015
1004893,46,5.364,3,2011
1004893,46,5.4120095611,3,2021
1004893,46,5.96,3,2014
1004893,46,6.854,3,2013
1004893,46,8.2009913501,3,2023
1004893,46,10.7507774416,3,2018
1004893,46,12.5026726646,3,2019
1004893,46,13.4969695859,3,2020
1004893,46,19.37,3,2017
1004893,46,23.84,3,2016
1004893,46,1454.25,2,2015
1004893,46,2227.6,1,2012
1004893,46,2888.5,2,2011
1004893,46,3061.7699863711,2,2023
1004893,46,3843.5,2,2012
1004893,46,4133.0903861511,2,2022
1004893,46,4183.847097473,2,2021
1004893,46,5641.0,2,2014
1004893,46,6024.5,2,2013
1004893,46,6697.8371549855,1,2022
1004893,46,7995.4609201689,2,2018
1004893,46,9071.8156037595,2,2020
1004893,46,9260.5821007402,2,2019
1004893,46,9323.9,1,2015
1004893,46,9940.75,2,2017
1004893,46,10228.6,1,2014
1004893,46,10573.5882409822,1,2021
1004893,46,10791.5,2,2016
1004893,46,13452.0,1,2013
1004893,46,15787.1893557226,1,2023
1004893,46,35214.1,1,2011
1004893,46,52249.5,1,2016
1004893,46,56125.6622207595,1,2018
1004893,46,56851.3284215137,1,2019
1004893,46,67906.6004751003,1,2020
1004893,46,71731.5,1,2017
1004893,54,,1,2015
1004893,54,,1,2016
1004893,54,,1,2017
1004893,54,,1,2018
1004893,54,,1,2019
1004893,54,,1,2020
1004893,54,,1,2021
1004893,54,,1,2022
1004893,54,,1,2023
1005018,1,12.75,2,2013
1005018,1,13.75,2,2011
1005018,1,13.75,2,2019
1005018,1,14.0,2,2017
1005018,1,14.0,2,2018
1005018,1,14.0,2,2020
1005018,1,14.25,2,2012
1005018,1,14.5,2,2010
1005018,1,15.198,3,2013
1005018,1,16.39,3,2011
1005018,1,16.39,3,2019
1005018,1,16.688,3,2017
1005018,1,16.688,3,2018
1005018,1,16.688,3,2020
1005018,1,16.986,3,2012
1005018,1,17.284,3,2010
1005018,1,18.0,2,2014
1005018,1,18.25,2,2016
1005018,1,20.25,2,2021
1005018,1,20.75,2,2015
1005018,1,21.456,3,2014
1005018,1,21.754,3,2016
1005018,1,24.138,3,2021
1005018,1,24.734,3,2015
1005018,1,27110.3,1,2013
1005018,1,28886.5,1,2019
1005018,1,28901.7,1,2011
1005018,1,29331.0,1,2018
1005018,1,30056.2,1,2020
1005018,1,30072.6,1,2017
1005018,1,30088.3,1,2012
1005018,1,30939.2,1,2010
1005018,1,38096.0,1,2014
1005018,1,38724.4,1,2016
1005018,1,43021.5,1,2021
1005018,1,44566.4,1,2015
1005018,46,0.596,3,2016
1005018,46,0.596,3,2017
1005018,46,0.596,3,2019
1005018,46,0.596,3,2021
1005018,46,0.894,3,2014
1005018,46,0.894,3,2015
1005018,46,1.788,3,2020
1005018,46,2.384,3,2013
1005018,46,449.25,2,2016
1005018,46,474.5,1,2011
1005018,46,597.75,2,2018
1005018,46,631.25,2,2019
1005018,46,646.5,2,2012
1005018,46,753.25,2,2015
1005018,46,760.0,2,2020
1005018,46,765.2,1,2012
1005018,46,1441.7,1,2021
1005018,46,1556.4,1,2018
1005018,46,2209.5,2,2013
1005018,46,2226.0,2,2017
1005018,46,2399.0,2,2014
1005018,46,2515.1,1,2019
1005018,46,3724.5,2,2021
1005018,46,4195.6,1,2013
1005018,46,4738.3,1,2020
1005018,46,5429.0,2,2011
1005018,46,5506.3,1,2017
1005018,46,22551.9,1,2016
1005018,46,32725.2,1,2015
1005018,46,40826.8,1,2014
1005641,1,56.75,2,2016
1005641,1,58.75,2,2018
1005641,1,62.75,2,2022
1005641,1,63.5,2,2017
1005641,1,65.0,2,2021
1005641,1,67.646,3,2016
1005641,1,69.725,2,2014
1005641,1,70.03,3,2018
1005641,1,70.45,2,2012
1005641,1,71.925,2,2010
1005641,1,72.25,2,2015
1005641,1,72.75,2,2019
1005641,1,73.375,2,2013
1005641,1,74.798,3,2022
1005641,1,75.5,2,2023
1005641,1,75.692,3,2017
1005641,1,77.48,3,2021
1005641,1,77.75,2,2020
1005641,1,78.525,2,2011
1005641,1,83.142,3,2014
1005641,1,84.036,3,2012
1005641,1,85.824,3,2010
1005641,1,86.122,3,2015
1005641,1,86.718,3,2019
1005641,1,87.612,3,2013
1005641,1,89.996,3,2023
1005641,1,92.678,3,2020
1005641,1,93.572,3,2011
1005641,1,120303.8,1,2016
1005641,1,124877.7,1,2018
1005641,1,133189.8,1,2022
1005641,1,134596.6,1,2017
1005641,1,137920.9,1,2021
1005641,1,147973.62,1,2014
1005641,1,149408.678,1,2012
1005641,1,152543.099,1,2010
1005641,1,153392.3,1,2015
1005641,1,154279.0,1,2019
1005641,1,155746.18,1,2013
1005641,1,160374.7,1,2023
1005641,1,164909.5,1,2020
1005641,1,166514.536,1,2011
1005641,46,0.596,3,2014
1005641,46,0.596,3,2020
1005641,46,0.596,3,2021
1005641,46,0.596,3,2022
1005641,46,0.596,3,2023
1005641,46,0.894,3,2019
1005641,46,1.49,3,2012
1005641,46,2.086,3,2015
1005641,46,2.384,3,2016
1005641,46,2.384,3,2018
1005641,46,4.768,3,2017
1005641,46,5.066,3,2011
1005641,46,8.046,3,2013
1005641,46,521.0,2,2021
1005641,46,598.5,2,2019
1005641,46,711.75,2,2023
1005641,46,758.75,2,2020
1005641,46,765.5,2,2018
1005641,46,1469.5,2,2017
1005641,46,1931.25,2,2022
1005641,46,3084.0,2,2016
1005641,46,4062.75,2,2015
1005641,46,4468.675,2,2014
1005641,46,6394.4,2,2012
1005641,46,7842.225,2,2011
1005641,46,8687.925,2,2013
1005641,46,60869.4,1,2023
1005641,46,72410.3,1,2018
1005641,46,75884.1,1,2017
1005641,46,76733.4,1,2019
1005641,46,77228.9,1,2022
1005641,46,79529.6,1,2021
1005641,46,82612.0,1,2016
1005641,46,86883.4,1,2020
1005641,46,111731.169,1,2012
1005641,46,121963.487,1,2011
1005641,46,125620.509,1,2014
1005641,46,130346.0,1,2015
1005641,46,143199.478,1,2013
1005641,54,,1,2011
1005641,54,,1,2012
1005641,54,,1,2013
1005641,54,,1,2014
1005641,54,,1,2015
1005641,54,,1,2016
1005641,54,,1,2017
1005641,54,,1,2018
1005641,54,,1,2019
1005641,54,,1,2020
1005641,54,,1,2021
1005641,54,,1,2022
1005641,54,,1,2023
1005687,1,6.75,2,2023
1005687,1,7.5,2,2021
1005687,1,7.5,2,2022
1005687,1,8.046,3,2023
1005687,1,8.94,3,2021
1005687,1,8.94,3,2022
1005687,1,14381.9,1,2023
1005687,1,15750.1,1,2021
1005687,1,16146.6,1,2022
1005687,46,25.2,1,2022
1005687,46,27.0,1,2021
1005687,46,27.2,1,2023
1005687,46,21836.5,2,2022
1005687,46,23388.75,2,2021
1005687,46,23555.5,2,2023
1005688,1,11.5,2,2018
1005688,1,13.708,3,2018
1005688,1,14.0,2,2021
1005688,1,14.5,2,2023
1005688,1,15.0,2,2022
1005688,1,16.0,2,2019
1005688,1,16.0,2,2020
1005688,1,16.688,3,2021
1005688,1,17.284,3,2023
1005688,1,17.88,3,2022
1005688,1,19.072,3,2019
1005688,1,19.072,3,2020
1005688,1,24445.3,1,2018
1005688,1,29823.1,1,2021
1005688,1,30970.6,1,2023
1005688,1,31589.3,1,2022
1005688,1,33752.2,1,2019
1005688,1,33960.2,1,2020
1005688,46,1.5,1,2020
1005688,46,1.7,1,2019
1005688,46,2.2,1,2023
1005688,46,5.8,1,2021
1005688,46,6.3,1,2018
1005688,46,34.8,1,2022
1005688,46,1302.25,2,2020
1005688,46,1468.75,2,2019
1005688,46,1856.5,2,2023
1005688,46,5055.25,2,2021
1005688,46,5496.5,2,2018
1005688,46,30162.25,2,2022
1005740,1,41.7,2,2015
1005740,1,43.75,2,2016
1005740,1,44.75,2,2018
1005740,1,45.25,2,2017
1005740,1,45.5,2,2019
1005740,1,47.35,2,2013
1005740,1,47.5,2,2020
1005740,1,48.85,2,2014
1005740,1,49.35,2,2012
1005740,1,49.766,3,2015
1005740,1,51.125,2,2011
1005740,1,52.15,2,2010
1005740,1,52.15,3,2016
1005740,1,53.342,3,2018
1005740,1,53.938,3,2017
1005740,1,54.236,3,2019
1005740,1,56.322,3,2013
1005740,1,56.62,3,2020
1005740,1,58.11,3,2014
1005740,1,58.706,3,2012
1005740,1,61.09,3,2011
1005740,1,62.282,3,2010
1005740,1,88509.885,1,2015
1005740,1,92902.2,1,2016
1005740,1,94886.2,1,2018
1005740,1,96094.5,1,2017
1005740,1,96749.6,1,2019
1005740,1,100497.321,1,2013
1005740,1,100983.3,1,2020
1005740,1,103687.486,1,2014
1005740,1,104649.542,1,2012
1005740,1,108450.704,1,2011
1005740,1,110620.54,1,2010
1005740,46,0.298,3,2011
1005740,46,0.596,3,2014
1005740,46,1.49,3,2013
1005740,46,3.278,3,2016
1005740,46,4.47,3,2020
1005740,46,5.662,3,2017
1005740,46,6.556,3,2018
1005740,46,6.854,3,2019
1005740,46,10.728,3,2015
1005740,46,1528.75,2,2020
1005740,46,1865.25,2,2019
1005740,46,1909.0,2,2017
1005740,46,2101.0,2,2018
1005740,46,2703.875,2,2014
1005740,46,3999.25,2,2011
1005740,46,5897.25,2,2016
1005740,46,6484.875,2,2015
1005740,46,6690.125,2,2013
1005740,46,6895.05,2,2012
1005740,46,41553.229,1,2014
1005740,46,43523.8,1,2017
1005740,46,44052.6,1,2016
1005740,46,47204.443,1,2013
1005740,46,49056.528,1,2012
1005740,46,50252.6,1,2020
1005740,46,50540.9,1,2018
1005740,46,53101.2,1,2019
1005740,46,57241.332,1,2011
1005740,46,58818.677,1,2015
1005846,1,4.5,2,2019
1005846,1,5.364,3,2019
1005846,1,8.0,2,2023
1005846,1,9.536,3,2023
1005846,1,10.0,2,2020
1005846,1,11.92,3,2020
1005846,1,14.5,2,2021
1005846,1,14.75,2,2017
1005846,1,15.5,2,2010
1005846,1,15.5,2,2022
1005846,1,15.75,2,2011
1005846,1,16.75,2,2015
1005846,1,17.284,3,2021
1005846,1,17.582,3,2017
1005846,1,17.75,2,2014
1005846,1,18.476,3,2010
1005846,1,18.476,3,2022
1005846,1,18.5,2,2018
1005846,1,18.774,3,2011
1005846,1,19.5,2,2016
1005846,1,19.966,3,2015
1005846,1,20.0,2,2013
1005846,1,21.158,3,2014
1005846,1,22.052,3,2018
1005846,1,23.244,3,2016
1005846,1,23.84,3,2013
1005846,1,36.5,2,2012
1005846,1,43.508,3,2012
1005846,1,9620.0,1,2019
1005846,1,16822.3,1,2023
1005846,1,21223.4,1,2020
1005846,1,30516.4,1,2021
1005846,1,31504.9,1,2017
1005846,1,32649.0,1,2010
1005846,1,33059.6,1,2022
1005846,1,33575.0,1,2011
1005846,1,35691.9,1,2015
1005846,1,37723.8,1,2014
1005846,1,39090.0,1,2018
1005846,1,41237.8,1,2016
1005846,1,42607.1,1,2013
1005846,1,77208.0,1,2012
1005846,42,0.0,1,2010
1005846,46,2.7,1,2015
1005846,46,3.2,1,2021
1005846,46,3.3,1,2022
1005846,46,3.9,1,2011
1005846,46,4.0,1,2019
1005846,46,4.5,1,2016
1005846,46,6.3,1,2017
1005846,46,6.3,1,2023
1005846,46,12.0,1,2014
1005846,46,12.8,1,2020
1005846,46,13.4,1,2018
1005846,46,13.5,1,2012
1005846,46,14.8,1,2013
1005846,46,2298.75,2,2015
1005846,46,2797.25,2,2021
1005846,46,2838.5,2,2022
1005846,46,3284.25,2,2011
1005846,46,3446.0,2,2019
1005846,46,3848.25,2,2016
1005846,46,5445.0,2,2017
1005846,46,5501.75,2,2023
1005846,46,10355.5,2,2014
1005846,46,11128.5,2,2020
1005846,46,11579.5,2,2012
1005846,46,11640.25,2,2018
1005846,46,12753.75,2,2013
1005897,1,17.5,2,2023
1005897,1,20.86,3,2023
1005897,1,23.25,2,2022
1005897,1,26.25,2,2021
1005897,1,27.714,3,2022
1005897,1,31.29,3,2021
1005897,1,35.0,2,2019
1005897,1,35.25,2,2018
1005897,1,38.25,2,2020
1005897,1,41.72,3,2019
1005897,1,42.0,2,2017
1005897,1,42.018,3,2018
1005897,1,45.594,3,2020
1005897,1,49.75,2,2016
1005897,1,50.064,3,2017
1005897,1,51.0,2,2015
1005897,1,59.302,3,2016
1005897,1,60.792,3,2015
1005897,1,69.25,2,2014
1005897,1,71.75,2,2012
1005897,1,74.5,2,2011
1005897,1,74.5,2,2013
1005897,1,79.5,2,2010
1005897,1,82.546,3,2014
1005897,1,85.526,3,2012
1005897,1,88.804,3,2011
1005897,1,88.804,3,2013
1005897,1,94.764,3,2010
1005897,1,37085.2,1,2023
1005897,1,49134.3,1,2022
1005897,1,55865.3,1,2021
1005897,1,74106.0,1,2019
1005897,1,74599.5,1,2018
1005897,1,81065.4,1,2020
1005897,1,89361.3,1,2017
1005897,1,105620.2,1,2016
1005897,1,108036.8,1,2015
1005897,1,146934.7,1,2014
1005897,1,152371.9,1,2012
1005897,1,158168.2,1,2013
1005897,1,158189.9,1,2011
1005897,1,168417.0,1,2010
1005897,46,0.298,3,2022
1005897,46,0.298,3,2023
1005897,46,7.45,3,2020
1005897,46,9.238,3,2011
1005897,46,10.132,3,2021
1005897,46,14.9,3,2018
1005897,46,15.496,3,2019
1005897,46,18.476,3,2012
1005897,46,19.668,3,2017
1005897,46,35.76,3,2015
1005897,46,41.124,3,2016
1005897,46,78.97,3,2013
1005897,46,162.708,3,2014
1005897,46,3284.75,2,2022
1005897,46,6310.0,2,2021
1005897,46,7457.75,2,2023
1005897,46,7926.0,2,2012
1005897,46,8455.5,2,2019
1005897,46,8527.75,2,2011
1005897,46,9526.25,2,2020
1005897,46,11288.0,1,2023
1005897,46,12104.25,2,2018
1005897,46,12565.9,1,2022
1005897,46,14547.5,2,2017
1005897,46,16319.75,2,2013
1005897,46,17953.0,2,2014
1005897,46,27149.5,2,2016
1005897,46,37939.5,2,2015
1005897,46,41976.6,1,2019
1005897,46,42965.8,1,2018
1005897,46,47879.2,1,2021
1005897,46,48427.7,1,2013
1005897,46,49802.6,1,2011
1005897,46,58740.0,1,2017
1005897,46,60215.4,1,2014
1005897,46,60636.4,1,2020
1005897,46,69511.4,1,2012
1005897,46,120956.6,1,2015
1005897,46,150428.7,1,2016
1005897,54,,1,2011
1005897,54,,1,2012
1005897,54,,1,2013
1005897,54,,1,2014
1005897,54,,1,2015
1005897,54,,1,2016
1005897,54,,1,2017
1005897,54,,1,2018
1005897,54,,1,2019
1005897,54,,1,2020
1005897,54,,1,2021
1005897,54,,1,2022
1005897,54,,1,2023
1006317,1,9.0,2,2021
1006317,1,9.0,2,2023
1006317,1,10.0,2,2020
1006317,1,10.25,2,2022
1006317,1,10.728,3,2021
1006317,1,10.728,3,2023
1006317,1,11.92,3,2020
1006317,1,12.218,3,2022
1006317,1,19258.8,1,2021
1006317,1,19304.6,1,2023
1006317,1,21067.5,1,2020
1006317,1,21534.7,1,2022
1006317,46,0.298,3,2020
1006317,46,0.298,3,2023
1006317,46,7.9,1,2022
1006317,46,116.8,1,2021
1006317,46,242.2,1,2020
1006317,46,592.4,1,2023
1006317,46,2984.75,2,2022
1006317,46,4245.25,2,2021
1006317,46,5638.0,2,2023
1006317,46,6374.25,2,2020
1007441,1,36.2618069,2,2023
1007441,1,37.955374,2,2021
1007441,1,40.25,2,2017
1007441,1,41.41040835,2,2018
1007441,1,41.58341825,2,2022
1007441,1,43.2240738248,3,2023
1007441,1,44.65854115,2,2019
1007441,1,45.242805808,3,2021
1007441,1,45.75,2,2016
1007441,1,46.0,2,2012
1007441,1,47.978,3,2017
1007441,1,49.3612067532,3,2018
1007441,1,49.567434554,3,2022
1007441,1,53.2329810508,3,2019
1007441,1,54.534,3,2016
1007441,1,54.832,3,2012
1007441,1,59.3037,2,2020
1007441,1,69.5,2,2010
1007441,1,70.6900104,3,2020
1007441,1,72.75,2,2011
1007441,1,73.25,2,2013
1007441,1,77.25,2,2014
1007441,1,79.5,2,2015
1007441,1,82.844,3,2010
1007441,1,86.718,3,2011
1007441,1,87.016,3,2013
1007441,1,92.082,3,2014
1007441,1,94.764,3,2015
1007441,1,76962.05896456,1,2023
1007441,1,80556.4857776,1,2021
1007441,1,85351.7,1,2017
1007441,1,87889.45068204,1,2018
1007441,1,88256.6468938,1,2022
1007441,1,94783.28773676,1,2019
1007441,1,95605.0,1,2012
1007441,1,97181.3,1,2016
1007441,1,125866.17288,1,2020
1007441,1,148290.3,1,2010
1007441,1,154219.4,1,2011
1007441,1,155388.8,1,2013
1007441,1,163847.4,1,2014
1007441,1,168904.7,1,2015
1007441,46,0.894,3,2016
1007441,46,1.49,3,2013
1007441,46,1.49,3,2014
1007441,46,1.6468642149,3,2020
1007441,46,2.3225976622,3,2022
1007441,46,2.360524902,3,2023
1007441,46,2.384,3,2012
1007441,46,3.6378293122,3,2019
1007441,46,3.874,3,2015
1007441,46,4.4056313443,3,2018
1007441,46,4.47,3,2017
1007441,46,5.8220861616,3,2021
1007441,46,2072.7,1,2013
1007441,46,2136.0379254015,2,2023
1007441,46,2375.954,3,2011
1007441,46,4568.5954008097,1,2023
1007441,46,4675.0119738426,1,2022
1007441,46,5456.3,1,2014
1007441,46,5544.5,2,2015
1007441,46,6222.7865175832,2,2019
1007441,46,8174.9609923354,2,2021
1007441,46,8621.7,1,2015
1007441,46,9223.0,2,2017
1007441,46,9500.5,2,2013
1007441,46,9721.0,2,2011
1007441,46,10272.0110066825,2,2018
1007441,46,10598.25,2,2014
1007441,46,10977.878446121,2,2022
1007441,46,11138.2,1,2012
1007441,46,11741.0444855914,2,2020
1007441,46,11884.75,2,2016
1007441,46,14482.2934573218,1,2021
1007441,46,20425.0,2,2012
1007441,46,52400.1,1,2016
1007441,46,58393.3,1,2011
1007441,46,59853.1463884907,1,2019
1007441,46,60151.0,1,2017
1007441,46,64250.3257340438,1,2018
1007441,46,67717.9926124102,1,2020
1007441,54,,1,2011
1007441,54,,1,2012
1007441,54,,1,2013
1007441,54,,1,2014
1007441,54,,1,2015
1007441,54,,1,2016
1007441,54,,1,2017
1007441,54,,1,2018
1007441,54,,1,2019
1007441,54,,1,2020
1007441,54,,1,2021
1007441,54,,1,2022
1007441,54,,1,2023
1008229,46,18.476,3,2012
1008229,46,35.76,3,2013
1008229,46,47.382,3,2014
1008229,46,48.872,3,2016
1008229,46,56.918,3,2015
1008229,46,279.822,3,2011
1008229,46,9186.1,1,2012
1008229,46,22526.1,1,2013
1008229,46,28998.7,1,2011
1008229,46,57038.2,1,2014
1008229,46,85963.0,1,2015
1008229,46,94802.0,1,2016
1008229,46,132081.0,2,2016
1008229,46,153855.75,2,2015
1008229,46,227661.0,2,2014
1008229,46,405047.75,2,2013
1008229,46,487099.5,2,2012
1008229,46,637643.5,2,2011
1008230,46,2.086,3,2011
1008230,46,13.708,3,2012
1008230,46,30.694,3,2014
1008230,46,275.054,3,2016
1008230,46,514.348,3,2015
1008230,46,875.822,3,2013
1008230,46,1747.8,1,2011
1008230,46,4125.25,2,2015
1008230,46,8790.3,1,2016
1008230,46,12192.0,1,2013
1008230,46,13320.5,2,2016
1008230,46,21200.7,1,2015
1008230,46,22339.0,2,2014
1008230,46,22668.8,1,2014
1008230,46,23445.3,1,2012
1008230,46,43353.0,2,2013
1008230,46,51937.0,2,2012
1008230,46,70907.0,2,2011
1008232,46,0.298,3,2012
1008232,46,0.596,3,2011
1008232,46,0.894,3,2016
1008232,46,1.788,3,2014
1008232,46,2.086,3,2015
1008232,46,297.3,1,2013
1008232,46,328.8,1,2012
1008232,46,378.9,1,2011
1008232,46,1565.3,1,2016
1008232,46,3258.5,1,2014
1008232,46,3602.0,1,2015
1008232,46,12405.75,2,2016
1008232,46,30386.0,2,2015
1008232,46,36615.25,2,2012
1008232,46,40610.75,2,2013
1008232,46,41487.0,2,2014
1008232,46,41834.0,2,2011
1008235,1,5.25,2,2020
1008235,1,6.258,3,2020
1008235,1,6.5,2,2015
1008235,1,6.5,2,2016
1008235,1,7.5,2,2017
1008235,1,7.5,2,2019
1008235,1,7.748,3,2015
1008235,1,7.748,3,2016
1008235,1,8.94,3,2017
1008235,1,8.94,3,2019
1008235,1,9.0,2,2018
1008235,1,10.728,3,2018
1008235,1,11364.2,1,2020
1008235,1,13745.6,1,2016
1008235,1,13905.0,1,2015
1008235,1,15824.4,1,2017
1008235,1,16006.7,1,2019
1008235,1,19322.5,1,2018
1008235,46,2.6,1,2018
1008235,46,3.0,1,2019
1008235,46,4.1,1,2017
1008235,46,6.4,1,2016
1008235,46,9.2,1,2020
1008235,46,17.7,1,2015
1008235,46,2250.5,2,2018
1008235,46,2632.25,2,2019
1008235,46,3548.5,2,2017
1008235,46,5484.0,2,2016
1008235,46,7988.5,2,2020
1008235,46,15490.25,2,2015
1008332,1,6.125,2,2015
1008332,1,7.45,3,2015
1008332,1,8.5,2,2013
1008332,1,8.9,2,2014
1008332,1,10.132,3,2013
1008332,1,10.728,3,2014
1008332,1,13016.987,1,2015
1008332,1,18046.658,1,2013
1008332,1,18893.8,1,2014
1008332,46,1643.75,2,2014
1008332,46,1870.9,2,2013
1008332,46,6648.966,1,2013
1008332,46,7895.879,1,2014
1008358,1,3.0,2,2013
1008358,1,3.5,2,2015
1008358,1,3.576,3,2013
1008358,1,4.0,2,2016
1008358,1,4.172,3,2015
1008358,1,4.768,3,2016
1008358,1,6452.7,1,2013
1008358,1,7262.4,1,2015
1008358,1,8439.0,1,2016
1008358,46,1.192,3,2013
1008358,46,2.682,3,2015
1008358,46,2.682,3,2016
1008358,46,1214.5,2,2013
1008358,46,1734.0,2,2015
1008358,46,1828.5,2,2016
1008358,46,5019.1,1,2013
1008358,46,6062.9,1,2015
1008358,46,8392.1,1,2016
1008358,54,,1,2012
1008358,54,,1,2013
1008358,54,,1,2014
1008358,54,,1,2015
1008358,54,,1,2016
1008408,46,9.238,3,2015
1008408,46,64.666,3,2014
1008408,46,68.242,3,2013
1008408,46,70.924,3,2012
1008408,46,77.48,3,2011
1008408,46,18923.1,1,2015
1008408,46,110885.7,1,2014
1008408,46,116277.1,1,2013
1008408,46,118546.8,1,2012
1008408,46,123862.7,1,2011
1008408,46,127238.75,2,2015
1008408,46,271771.75,2,2014
1008408,46,292064.25,2,2013
1008408,46,297724.25,2,2012
1008408,46,339521.25,2,2011
1008432,1,9.0,2,2011
1008432,1,9.25,2,2012
1008432,1,10.75,2,2013
1008432,1,11.92,3,2011
1008432,1,11.92,3,2012
1008432,1,11.92,3,2013
1008432,1,20.81407257,2,2020
1008432,1,21.1451963946,2,2021
1008432,1,21.63840495,2,2019
1008432,1,21.75,2,2014
1008432,1,21.78828666,2,2023
1008432,1,21.7969456698,2,2022
1008432,1,24.25,2,2015
1008432,1,24.8103745034,3,2020
1008432,1,25.2050741023,3,2021
1008432,1,25.7929787004,3,2019
1008432,1,25.926,3,2014
1008432,1,25.9716376987,3,2023
1008432,1,25.9819592384,3,2022
1008432,1,26.75,2,2016
1008432,1,27.25,2,2017
1008432,1,28.906,3,2015
1008432,1,31.886,3,2016
1008432,1,32.482,3,2017
1008432,1,32.75,2,2018
1008432,1,39.038,3,2018
1008432,1,19075.6,1,2011
1008432,1,19629.7,1,2012
1008432,1,22874.9,1,2013
1008432,1,44175.787622568,1,2020
1008432,1,44878.5648278195,1,2021
1008432,1,45914.1,1,2014
1008432,1,45925.35066588,1,2019
1008432,1,46243.459607184,1,2023
1008432,1,46261.8374895835,1,2022
1008432,1,51418.2,1,2015
1008432,1,57053.0,1,2016
1008432,1,57804.5,1,2017
1008432,1,69627.4,1,2018
1008432,46,1.159683971,3,2021
1008432,46,1.192,3,2017
1008432,46,1.192,3,2018
1008432,46,1.5622345746,3,2020
1008432,46,2.4852272429,3,2019
1008432,46,4.172,3,2015
1008432,46,4.4981278406,3,2022
1008432,46,5.364,3,2016
1008432,46,7.748,3,2014
1008432,46,12.516,3,2013
1008432,46,12.5941994331,3,2023
1008432,46,18.178,3,2011
1008432,46,26.522,3,2012
1008432,46,1421.0,1,2018
1008432,46,2260.4824568467,1,2021
1008432,46,2841.1,1,2017
1008432,46,3068.6746939849,1,2020
1008432,46,5401.0818302709,1,2019
1008432,46,7041.7607536486,2,2023
1008432,46,8359.6472064814,2,2019
1008432,46,8736.6679264659,1,2022
1008432,46,8876.0,2,2011
1008432,46,9472.6,1,2015
1008432,46,9557.5,1,2016
1008432,46,11037.6233328305,2,2020
1008432,46,12348.0,2,2017
1008432,46,12589.5,1,2014
1008432,46,13674.25,2,2012
1008432,46,14529.0,2,2018
1008432,46,17794.1285503171,2,2021
1008432,46,18455.5,2,2016
1008432,46,21642.866936277,2,2022
1008432,46,22425.75,2,2013
1008432,46,23313.3570539249,1,2023
1008432,46,28574.75,2,2015
1008432,46,30284.75,2,2014
1008432,46,31530.9,1,2013
1008432,46,42229.8,1,2011
1008432,46,60189.1,1,2012
1008432,54,,1,2014
1008432,54,,1,2015
1008432,54,,1,2016
1008432,54,,1,2017
1008432,54,,1,2018
1008432,54,,1,2019
1008432,54,,1,2020
1008432,54,,1,2021
1008432,54,,1,2022
1008432,54,,1,2023
1008540,46,0.298,3,2019
1008540,46,0.596,3,2013
1008540,46,10.43,3,2022
1008540,46,16.986,3,2014
1008540,46,33.674,3,2023
1008540,46,44.402,3,2020
1008540,46,47.978,3,2017
1008540,46,49.766,3,2015
1008540,46,98.34,3,2016
1008540,46,175.2,1,2019
1008540,46,191.614,3,2018
1008540,46,4259.75,2,2023
1008540,46,8196.7,1,2012
1008540,46,8484.8,1,2011
1008540,46,11139.9,1,2023
1008540,46,11762.4,1,2022
1008540,46,14763.6,1,2020
1008540,46,14810.2,1,2021
1008540,46,15820.7,1,2017
1008540,46,19366.5,1,2013
1008540,46,23109.75,2,2022
1008540,46,23936.75,2,2019
1008540,46,26012.25,2,2020
1008540,46,27056.6,1,2016
1008540,46,27568.5,2,2018
1008540,46,28836.5,2,2017
1008540,46,30482.75,2,2016
1008540,46,31301.0,2,2021
1008540,46,32898.6,1,2014
1008540,46,47626.0,1,2015
1008540,46,63334.7,1,2018
1008540,46,73644.25,2,2014
1008540,46,98019.0,2,2012
1008540,46,134782.5,2,2015
1008540,46,140617.75,2,2013
1008540,46,181072.0,2,2011
1009141,46,0.1788,3,2017
1009141,46,0.298,3,2016
1009141,46,0.298,3,2018
1009141,46,0.5066,3,2020
1009141,46,1.192,3,2015
1009141,46,2.384,3,2014
1009141,46,7.9864,3,2019
1009141,46,163.2,1,2013
1009141,46,440.6701,1,2017
1009141,46,628.6443,1,2016
1009141,46,754.8035,1,2018
1009141,46,878.9,1,2015
1009141,46,1116.3,1,2014
1009141,46,1157.1281,1,2020
1009141,46,4461.2951,1,2019
1009141,46,11188.795,2,2016
1009141,46,13279.75,2,2015
1009141,46,17238.085,2,2017
1009141,46,28715.585,2,2018
1009141,46,29596.895,2,2020
1009141,46,34435.0,2,2013
1009141,46,37878.4825,2,2019
1009141,46,78396.5,2,2014
1009142,46,103.4656,3,2017
1009142,46,104.3596,3,2016
1009142,46,136.186,3,2011
1009142,46,189.23,3,2012
1009142,46,854.366,3,2015
1009142,46,1059.092,3,2014
1009142,46,1125.248,3,2013
1009142,46,197067.7227,1,2016
1009142,46,197437.686,1,2017
1009142,46,252620.9,1,2011
1009142,46,259914.8,1,2015
1009142,46,324333.5,1,2014
1009142,46,342027.5,1,2012
1009142,46,344229.6,1,2013
1009142,46,381308.75,2,2013
1009142,46,466045.6925,2,2016
1009142,46,471384.8725,2,2017
1009142,46,478019.25,2,2015
1009142,46,514968.5,2,2014
1009142,46,827340.75,2,2011
1009142,46,922511.0,2,2012
1009242,46,3.278,3,2020
1009242,46,5.066,3,2021
1009242,46,12.814,3,2022
1009242,46,19.37,3,2016
1009242,46,21.754,3,2015
1009242,46,31.29,3,2014
1009242,46,34.568,3,2013
1009242,46,35.76,3,2017
1009242,46,36.058,3,2012
1009242,46,37.25,3,2011
1009242,46,57.812,3,2019
1009242,46,62.878,3,2018
1009242,46,67.05,3,2023
1009242,46,5015.0,1,2020
1009242,46,8946.4,1,2021
1009242,46,19963.2,1,2022
1009242,46,29436.0,1,2016
1009242,46,31286.75,2,2023
1009242,46,31758.3,1,2015
1009242,46,35920.5,2,2017
1009242,46,49289.8,1,2014
1009242,46,55643.0,1,2017
1009242,46,55857.75,2,2021
1009242,46,56676.7,1,2012
1009242,46,59172.4,1,2013
1009242,46,60112.6,1,2011
1009242,46,65493.5,2,2020
1009242,46,70706.5,2,2022
1009242,46,73355.75,2,2018
1009242,46,73972.25,2,2019
1009242,46,79830.0,2,2016
1009242,46,90128.3,1,2023
1009242,46,103423.4,1,2019
1009242,46,112155.0,1,2018
1009242,46,126561.5,2,2013
1009242,46,126600.75,2,2015
1009242,46,131079.5,2,2014
1009242,46,196468.25,2,2011
1009242,46,208545.25,2,2012
1009331,1,3.5,2,2023
1009331,1,4.172,3,2023
1009331,1,4.75,2,2021
1009331,1,4.75,2,2022
1009331,1,5.5,2,2015
1009331,1,5.5,2,2020
1009331,1,5.662,3,2021
1009331,1,5.662,3,2022
1009331,1,6.5,2,2014
1009331,1,6.5,2,2018
1009331,1,6.556,3,2015
1009331,1,6.556,3,2020
1009331,1,6.75,2,2017
1009331,1,7.0,2,2016
1009331,1,7.25,2,2019
1009331,1,7.748,3,2014
1009331,1,7.748,3,2018
1009331,1,8.0,2,2013
1009331,1,8.046,3,2017
1009331,1,8.25,2,2012
1009331,1,8.344,3,2016
1009331,1,8.642,3,2019
1009331,1,8.94,3,2013
1009331,1,9.0,2,2011
1009331,1,9.834,3,2012
1009331,1,10.728,3,2011
1009331,1,7238.1,1,2023
1009331,1,10089.9,1,2022
1009331,1,10287.4,1,2021
1009331,1,11656.3,1,2020
1009331,1,11734.4,1,2015
1009331,1,13817.0,1,2014
1009331,1,13942.0,1,2018
1009331,1,14288.9,1,2017
1009331,1,14638.3,1,2016
1009331,1,15149.3,1,2019
1009331,1,17018.5,1,2013
1009331,1,17610.3,1,2012
1009331,1,19255.9,1,2011
1009331,46,5.9,1,2022
1009331,46,7.3,1,2020
1009331,46,7.3,1,2023
1009331,46,12.4,1,2021
1009331,46,13.2,1,2016
1009331,46,16.3,1,2017
1009331,46,16.7,1,2012
1009331,46,18.2,1,2014
1009331,46,24.1,1,2013
1009331,46,32.2,1,2018
1009331,46,37.9,1,2019
1009331,46,39.4,1,2015
1009331,46,39.6,1,2011
1009331,46,5075.25,2,2022
1009331,46,6270.25,2,2023
1009331,46,6346.0,2,2020
1009331,46,10725.0,2,2021
1009331,46,11417.0,2,2016
1009331,46,14098.0,2,2017
1009331,46,14721.75,2,2012
1009331,46,14956.25,2,2014
1009331,46,19665.25,2,2013
1009331,46,22835.0,2,2011
1009331,46,27891.5,2,2018
1009331,46,32880.0,2,2019
1009331,46,34156.75,2,2015
1009389,46,0.298,3,2023
1009389,46,0.4768,3,2018
1009389,46,0.5066,3,2017
1009389,46,0.6854,3,2016
1009389,46,0.894,3,2011
1009389,46,0.894,3,2015
1009389,46,0.894,3,2019
1009389,46,0.894,3,2020
1009389,46,2.98,3,2012
1009389,46,41.72,3,2013
1009389,46,86.42,3,2014
1009389,46,168.6,1,2021
1009389,46,189.2,1,2022
1009389,46,229.5,1,2023
1009389,46,629.4,1,2011
1009389,46,1030.0459,1,2018
1009389,46,1156.657,1,2017
1009389,46,1225.4,1,2020
1009389,46,1527.4218,1,2016
1009389,46,1797.715,1,2019
1009389,46,2168.7,1,2015
1009389,46,3685.0,1,2012
1009389,46,13779.8,1,2013
1009389,46,26980.5,1,2014
1009389,46,88522.0,2,2011
1009389,46,125444.5,2,2012
1009389,46,126917.5,2,2023
1009389,46,127631.0,2,2022
1009389,46,133774.5,2,2020
1009389,46,134001.25,2,2021
1009389,46,148986.8975,2,2019
1009389,46,153192.3075,2,2018
1009389,46,185764.1375,2,2017
1009389,46,187879.25,2,2013
1009389,46,191068.535,2,2016
1009389,46,206524.25,2,2014
1009389,46,278874.0,2,2015
1009435,46,4915.25,2,2011
1009435,46,7370.9,1,2011
1009901,1,13.5,2,2012
1009901,1,16.092,3,2012
1009901,1,18.5,2,2013
1009901,1,20.86,3,2013
1009901,1,28.75,2,2015
1009901,1,29.0,2,2014
1009901,1,30.0,2,2020
1009901,1,31.75,2,2016
1009901,1,34.0,2,2022
1009901,1,34.27,3,2015
1009901,1,34.568,3,2014
1009901,1,35.76,3,2020
1009901,1,36.75,2,2021
1009901,1,37.846,3,2016
1009901,1,38.5,2,2017
1009901,1,40.528,3,2022
1009901,1,43.806,3,2021
1009901,1,45.892,3,2017
1009901,1,46.0,2,2018
1009901,1,48.0,2,2019
1009901,1,50.0,2,2023
1009901,1,54.832,3,2018
1009901,1,57.216,3,2019
1009901,1,59.6,3,2023
1009901,1,28398.8,1,2012
1009901,1,39474.1,1,2013
1009901,1,60800.3,1,2015
1009901,1,61624.4,1,2014
1009901,1,63556.7,1,2020
1009901,1,67341.6,1,2016
1009901,1,72022.3,1,2022
1009901,1,77844.7,1,2021
1009901,1,81870.3,1,2017
1009901,1,97877.0,1,2018
1009901,1,101863.9,1,2019
1009901,1,106055.2,1,2023
1009901,46,1.7,1,2012
1009901,46,1.9,1,2014
1009901,46,2.3,1,2013
1009901,46,3.9,1,2018
1009901,46,5.1,1,2023
1009901,46,6.2,1,2016
1009901,46,6.4,1,2021
1009901,46,6.6,1,2019
1009901,46,7.8,1,2022
1009901,46,10.6,1,2020
1009901,46,10.8,1,2017
1009901,46,13.2,1,2015
1009901,46,3153.5,2,2012
1009901,46,3386.75,2,2018
1009901,46,4335.0,2,2023
1009901,46,4574.25,2,2014
1009901,46,4776.0,2,2013
1009901,46,5302.5,2,2016
1009901,46,5506.5,2,2021
1009901,46,5666.25,2,2019
1009901,46,6753.0,2,2022
1009901,46,9080.75,2,2020
1009901,46,9346.5,2,2017
1009901,46,11475.75,2,2015
1009980,46,0.0,1,2014
1009980,46,0.298,3,2012
1009980,46,1071.8,1,2012
1009980,46,1150.9,1,2011
1009980,46,6387.5,2,2012
1009980,46,8123.25,2,2011
1010224,46,2.98,3,2015
1010224,46,4.47,3,2011
1010224,46,19.0,1,2013
1010224,46,27.7,1,2014
1010224,46,36.9,1,2012
1010224,46,2095.4,1,2011
1010224,46,6135.6,1,2015
1010224,46,10071.25,2,2015
1010224,46,21264.0,2,2014
1010224,46,22995.0,2,2013
1010224,46,24978.5,2,2012
1010224,46,26335.0,2,2011
1010477,1,18.75,2,2012
1010477,1,21.75,2,2015
1010477,1,22.35,3,2012
1010477,1,24.75,2,2022
1010477,1,25.926,3,2015
1010477,1,27.5,2,2013
1010477,1,28.5,2,2016
1010477,1,29.502,3,2022
1010477,1,32.5,2,2014
1010477,1,32.78,3,2013
1010477,1,33.972,3,2016
1010477,1,35.75,2,2017
1010477,1,38.5,2,2021
1010477,1,38.74,3,2014
1010477,1,40.75,2,2018
1010477,1,41.25,2,2019
1010477,1,42.614,3,2017
1010477,1,45.892,3,2021
1010477,1,48.0,2,2023
1010477,1,48.574,3,2018
1010477,1,49.17,3,2019
1010477,1,49.5,2,2020
1010477,1,57.216,3,2023
1010477,1,59.004,3,2020
1010477,1,39737.1,1,2012
1010477,1,46376.3,1,2015
1010477,1,52519.9,1,2022
1010477,1,58192.3,1,2013
1010477,1,60457.7,1,2016
1010477,1,69088.7,1,2014
1010477,1,76079.1,1,2017
1010477,1,81865.8,1,2021
1010477,1,86558.9,1,2018
1010477,1,87303.4,1,2019
1010477,1,102090.8,1,2023
1010477,1,104919.5,1,2020
1010477,46,0.8,1,2012
1010477,46,1.7,1,2014
1010477,46,2.8,1,2018
1010477,46,4.0,1,2015
1010477,46,4.3,1,2023
1010477,46,4.9,1,2019
1010477,46,5.6,1,2016
1010477,46,6.3,1,2017
1010477,46,6.7,1,2022
1010477,46,7.1,1,2013
1010477,46,8.4,1,2020
1010477,46,8.7,1,2021
1010477,46,1542.25,2,2012
1010477,46,2373.0,2,2018
1010477,46,2712.25,2,2014
1010477,46,3481.75,2,2015
1010477,46,3680.75,2,2023
1010477,46,4240.25,2,2019
1010477,46,4841.5,2,2016
1010477,46,5358.25,2,2017
1010477,46,5751.0,2,2022
1010477,46,7242.25,2,2020
1010477,46,7497.25,2,2021
1010477,46,7638.25,2,2013
1010488,1,7.25,2,2021
1010488,1,8.642,3,2021
1010488,1,9.25,2,2020
1010488,1,9.5,2,2023
1010488,1,10.0,2,2018
1010488,1,10.5,2,2019
1010488,1,10.5,2,2022
1010488,1,10.75,2,2017
1010488,1,11.026,3,2020
1010488,1,11.324,3,2023
1010488,1,11.5,2,2016
1010488,1,11.92,3,2018
1010488,1,12.5,2,2015
1010488,1,12.516,3,2019
1010488,1,12.516,3,2022
1010488,1,12.814,3,2017
1010488,1,13.708,3,2016
1010488,1,14.9,3,2015
1010488,1,15460.4,1,2021
1010488,1,19657.9,1,2020
1010488,1,20297.9,1,2023
1010488,1,21065.3,1,2018
1010488,1,21802.4,1,2022
1010488,1,22392.0,1,2017
1010488,1,22732.1,1,2019
1010488,1,24299.8,1,2016
1010488,1,25134.4,1,2015
1010488,46,2.98,3,2016
1010488,46,3.576,3,2019
1010488,46,4.172,3,2017
1010488,46,4.172,3,2021
1010488,46,4.47,3,2020
1010488,46,4.768,3,2023
1010488,46,5.066,3,2018
1010488,46,5.364,3,2022
1010488,46,8.344,3,2015
1010488,46,2453.5,2,2018
1010488,46,2540.75,2,2016
1010488,46,2626.0,2,2023
1010488,46,2734.5,2,2022
1010488,46,2751.0,2,2019
1010488,46,2871.75,2,2021
1010488,46,2909.0,2,2015
1010488,46,3030.75,2,2020
1010488,46,4154.75,2,2017
1010488,46,7408.4,1,2021
1010488,46,7654.7,1,2016
1010488,46,8033.6,1,2019
1010488,46,8079.7,1,2020
1010488,46,8280.1,1,2023
1010488,46,8642.6,1,2017
1010488,46,9506.9,1,2022
1010488,46,11419.1,1,2018
1010488,46,17673.1,1,2015
1010559,1,3.5,2,2022
1010559,1,4.172,3,2022
1010559,1,5.25,2,2021
1010559,1,5.5,2,2017
1010559,1,5.5,2,2018
1010559,1,6.25,2,2016
1010559,1,6.25,2,2020
1010559,1,6.258,3,2021
1010559,1,6.5,2,2023
1010559,1,6.556,3,2017
1010559,1,6.556,3,2018
1010559,1,7.45,3,2016
1010559,1,7.45,3,2020
1010559,1,7.748,3,2023
1010559,1,8.75,2,2019
1010559,1,10.25,2,2015
1010559,1,10.43,3,2019
1010559,1,12.218,3,2015
1010559,1,7180.3,1,2022
1010559,1,10881.2,1,2021
1010559,1,11446.3,1,2017
1010559,1,11544.6,1,2018
1010559,1,13087.2,1,2020
1010559,1,13275.4,1,2016
1010559,1,13541.0,1,2023
1010559,1,18369.2,1,2019
1010559,1,21841.0,1,2015
1010559,46,0.298,3,2019
1010559,46,0.298,3,2020
1010559,46,0.298,3,2021
1010559,46,0.298,3,2022
1010559,46,67.4,1,2017
1010559,46,78.5,1,2015
1010559,46,100.8,1,2023
1010559,46,197.4,1,2018
1010559,46,273.9,1,2016
1010559,46,379.2,1,2022
1010559,46,503.5,1,2021
1010559,46,513.5,1,2020
1010559,46,523.0,1,2019
1010559,46,1446.5,2,2017
1010559,46,6598.0,2,2021
1010559,46,7520.25,2,2016
1010559,46,8546.75,2,2018
1010559,46,9932.0,2,2020
1010559,46,10594.0,2,2019
1010559,46,14878.75,2,2022
1010559,46,15655.0,2,2015
1010559,46,17667.25,2,2023
1010955,46,0.0,1,2013
1010955,46,0.0,1,2014
1010955,46,0.0,1,2019
1010955,46,0.0,1,2020
1010955,46,0.0,1,2021
1010955,46,0.8,1,2022
1010955,46,0.8,1,2023
1010955,46,1.6,1,2016
1010955,46,1.6,1,2017
1010955,46,1.6,1,2018
1010955,46,1.7,1,2015
1010955,46,714.75,2,2023
1010955,46,729.75,2,2022
1010955,46,1347.5,2,2018
1010955,46,1397.5,2,2016
1010955,46,1397.5,2,2017
1010955,46,1450.0,2,2015
1011020,1,13.5,2,2020
1011020,1,13.5,2,2021
1011020,1,16.092,3,2020
1011020,1,16.092,3,2021
1011020,1,16.5,2,2022
1011020,1,17.75,2,2023
1011020,1,19.668,3,2022
1011020,1,21.158,3,2023
1011020,1,28750.1,1,2020
1011020,1,28871.3,1,2021
1011020,1,34763.9,1,2022
1011020,1,37445.4,1,2023
1011020,46,2.9,1,2021
1011020,46,3.3,1,2022
1011020,46,3.6,1,2020
1011020,46,5.0,1,2023
1011020,46,2511.0,2,2021
1011020,46,2828.25,2,2022
1011020,46,3060.0,2,2020
1011020,46,4306.0,2,2023
1011064,1,1.0,2,2014
1011064,1,1.192,3,2014
1011064,1,6.75,2,2015
1011064,1,7.25,2,2013
1011064,1,8.046,3,2015
1011064,1,8.642,3,2013
1011064,1,10.5,2,2020
1011064,1,12.5,2,2016
1011064,1,12.516,3,2020
1011064,1,14.9,3,2016
1011064,1,36.75,2,2017
1011064,1,43.806,3,2017
1011064,1,61.75,2,2018
1011064,1,65.0,2,2019
1011064,1,73.606,3,2018
1011064,1,77.48,3,2019
1011064,1,108.5,2,2022
1011064,1,112.75,2,2023
1011064,1,125.75,2,2021
1011064,1,129.332,3,2022
1011064,1,134.398,3,2023
1011064,1,149.894,3,2021
1011064,1,2345.6,1,2014
1011064,1,14067.3,1,2015
1011064,1,15328.3,1,2013
1011064,1,22293.6,1,2020
1011064,1,26423.2,1,2016
1011064,1,78050.9,1,2017
1011064,1,130916.6,1,2018
1011064,1,137749.1,1,2019
1011064,1,230206.4,1,2022
1011064,1,239303.0,1,2023
1011064,1,267061.2,1,2021
1011064,46,0.894,3,2016
1011064,46,1.49,3,2013
1011064,46,6.556,3,2018
1011064,46,14.602,3,2022
1011064,46,25.926,3,2023
1011064,46,42.316,3,2019
1011064,46,74.798,3,2020
1011064,46,389.784,3,2021
1011064,46,750.25,2,2014
1011064,46,956.5,2,2013
1011064,46,1212.25,2,2017
1011064,46,1727.0,2,2015
1011064,46,2128.75,2,2016
1011064,46,2327.75,2,2018
1011064,46,2792.25,2,2022
1011064,46,3148.75,2,2021
1011064,46,5442.5,2,2019
1011064,46,11848.8,1,2015
1011064,46,11954.75,2,2020
1011064,46,15415.7,1,2014
1011064,46,15504.0,2,2023
1011064,46,20822.1,1,2013
1011064,46,27794.2,1,2016
1011064,46,119859.2,1,2017
1011064,46,178202.2,1,2018
1011064,46,236604.7,1,2022
1011064,46,264629.6,1,2019
1011064,46,317796.0,1,2023
1011064,46,588408.8,1,2020
1011064,46,671765.9,1,2021
1011064,51,987.0,1,2021
1011064,51,22360.0,1,2023
1011064,51,23775.0,1,2022
1011072,1,11.75,2,2018
1011072,1,12.25,2,2017
1011072,1,14.006,3,2018
1011072,1,14.602,3,2017
1011072,1,24919.5,1,2018
1011072,1,25987.7,1,2017
1011072,46,1.49,3,2017
1011072,46,1.49,3,2018
1011072,46,2431.6,1,2017
1011072,46,2537.4,1,2018
1011072,46,3032.0,2,2017
1011072,46,3311.25,2,2018
1011278,1,1.75,2,2015
1011278,1,2.0,2,2016
1011278,1,2.086,3,2015
1011278,1,2.25,2,2014
1011278,1,2.384,3,2016
1011278,1,2.682,3,2014
1011278,1,3.75,2,2013
1011278,1,4.47,3,2013
1011278,1,3537.6,1,2015
1011278,1,4000.4,1,2016
1011278,1,4750.3,1,2014
1011278,1,7881.0,1,2013
1011278,46,84.0,2,2014
1011278,46,514.0,2,2013
1011278,46,1218.5,2,2015
1011278,46,1494.75,2,2016
1011278,46,3354.1,1,2016
1011278,46,7625.2,1,2015
1011278,46,13417.4,1,2014
1011278,46,19275.4,1,2013
1011356,1,24.1125,2,2015
1011356,1,28.7272,3,2015
1011356,1,71.0,2,2016
1011356,1,75.0,2,2017
1011356,1,76.75,2,2018
1011356,1,81.75,2,2022
1011356,1,83.0,2,2021
1011356,1,83.75,2,2019
1011356,1,84.632,3,2016
1011356,1,86.5,2,2020
1011356,1,89.4,3,2017
1011356,1,91.486,3,2018
1011356,1,92.5,2,2023
1011356,1,97.446,3,2022
1011356,1,98.936,3,2021
1011356,1,99.83,3,2019
1011356,1,103.108,3,2020
1011356,1,110.26,3,2023
1011356,1,51174.2784,1,2015
1011356,1,150577.6,1,2016
1011356,1,158927.9,1,2017
1011356,1,162682.8,1,2018
1011356,1,173531.2,1,2022
1011356,1,175973.5,1,2021
1011356,1,177910.4,1,2019
1011356,1,183532.3,1,2020
1011356,1,196152.3,1,2023
1011356,46,0.894,3,2021
1011356,46,1.192,3,2017
1011356,46,1.192,3,2020
1011356,46,1.49,3,2023
1011356,46,1.788,3,2016
1011356,46,2.384,3,2019
1011356,46,2.682,3,2022
1011356,46,3.576,3,2018
1011356,46,6.52918,3,2015
1011356,46,2612.25,2,2020
1011356,46,2846.0,2,2022
1011356,46,2929.93825,2,2015
1011356,46,3903.75,2,2017
1011356,46,4227.75,2,2019
1011356,46,4282.5,2,2023
1011356,46,5301.75,2,2016
1011356,46,6283.25,2,2018
1011356,46,25099.01714,1,2015
1011356,46,45761.75,2,2021
1011356,46,69695.1,1,2017
1011356,46,86824.0,1,2022
1011356,46,93256.8,1,2021
1011356,46,97884.5,1,2018
1011356,46,99735.8,1,2020
1011356,46,116440.5,1,2016
1011356,46,118025.4,1,2019
1011356,46,139177.5,1,2023
1011356,54,,1,2015
1011356,54,,1,2016
1011356,54,,1,2017
1011356,54,,1,2018
1011356,54,,1,2019
1011356,54,,1,2020
1011356,54,,1,2021
1011356,54,,1,2022
1011356,54,,1,2023
1012193,46,371.606,3,2022
1012193,46,383.228,3,2023
1012193,46,435.08,3,2021
1012193,46,508.09,3,2018
1012193,46,511.368,3,2019
1012193,46,512.262,3,2020
1012193,46,514.348,3,2017
1012193,46,966.712,3,2016
1012193,46,198901.25,2,2022
1012193,46,199530.25,2,2023
1012193,46,205745.75,2,2021
1012193,46,206348.5,2,2019
1012193,46,231771.75,2,2020
1012193,46,265127.0,2,2017
1012193,46,279419.0,2,2016
1012193,46,662493.9,1,2022
1012193,46,683371.4,1,2023
1012193,46,744907.75,2,2018
1012193,46,775473.9,1,2021
1012193,46,911307.5,1,2018
1012193,46,912257.3,1,2019
1012193,46,914105.3,1,2020
1012193,46,984557.2,1,2016
1012193,46,1010999.9,1,2017
1012310,46,9.238,3,2022
1012310,46,10.43,3,2023
1012310,46,16.092,3,2020
1012310,46,16.39,3,2021
1012310,46,18.476,3,2019
1012310,46,22.052,3,2016
1012310,46,28.906,3,2018
1012310,46,34.568,3,2017
1012310,46,3674.75,2,2018
1012310,46,3705.75,2,2019
1012310,46,3874.25,2,2022
1012310,46,3921.5,2,2023
1012310,46,4188.25,2,2021
1012310,46,4282.75,2,2020
1012310,46,5901.75,2,2017
1012310,46,7680.0,2,2016
1012310,46,16194.6,1,2022
1012310,46,18271.7,1,2023
1012310,46,28002.3,1,2020
1012310,46,28317.0,1,2021
1012310,46,32909.8,1,2019
1012310,46,35787.8,1,2016
1012310,46,51725.8,1,2018
1012310,46,55547.9,1,2017
1012453,46,0.298,3,2021
1012453,46,55.726,3,2020
1012453,46,122.776,3,2016
1012453,46,137.08,3,2023
1012453,46,3064.25,2,2023
1012453,46,5212.0,2,2017
1012453,46,8492.75,2,2019
1012453,46,8566.5,2,2022
1012453,46,8865.75,2,2018
1012453,46,9176.5,2,2021
1012453,46,9277.5,2,2020
1012453,46,13026.75,2,2016
1012453,46,33193.0,1,2018
1012453,46,33194.1,1,2019
1012453,46,36270.9,1,2017
1012453,46,40557.4,1,2016
1012453,46,45239.0,1,2023
1012453,46,48167.2,1,2022
1012453,46,55862.8,1,2021
1012453,46,61787.3,1,2020
1012463,1,12.25,2,2023
1012463,1,13.0,2,2016
1012463,1,13.25,2,2017
1012463,1,14.602,3,2023
1012463,1,14.75,2,2022
1012463,1,15.25,2,2020
1012463,1,15.496,3,2016
1012463,1,15.794,3,2017
1012463,1,16.25,2,2021
1012463,1,16.5,2,2019
1012463,1,17.582,3,2022
1012463,1,17.75,2,2018
1012463,1,18.178,3,2020
1012463,1,19.37,3,2021
1012463,1,19.668,3,2019
1012463,1,21.158,3,2018
1012463,1,26077.0,1,2023
1012463,1,27693.9,1,2016
1012463,1,28018.2,1,2017
1012463,1,30846.9,1,2022
1012463,1,32741.4,1,2020
1012463,1,34332.4,1,2021
1012463,1,34841.1,1,2019
1012463,1,37965.0,1,2018
1012463,46,2.384,3,2018
1012463,46,3.576,3,2019
1012463,46,4.172,3,2017
1012463,46,4.172,3,2020
1012463,46,4.47,3,2022
1012463,46,7.152,3,2021
1012463,46,8.046,3,2023
1012463,46,8.94,3,2016
1012463,46,1313.0,2,2017
1012463,46,1548.0,2,2016
1012463,46,2000.25,2,2019
1012463,46,2685.5,2,2018
1012463,46,2867.25,2,2022
1012463,46,3028.0,2,2021
1012463,46,3164.75,2,2020
1012463,46,3269.75,2,2023
1012463,46,31411.5,1,2023
1012463,46,34385.3,1,2022
1012463,46,52056.7,1,2021
1012463,46,54095.6,1,2017
1012463,46,62819.7,1,2020
1012463,46,66355.5,1,2019
1012463,46,73970.8,1,2018
1012463,46,90518.7,1,2016
1012577,46,14.006,3,2018
1012577,46,31.588,3,2017
1012577,46,37.846,3,2019
1012577,46,187.74,3,2016
1012577,46,5495.0,2,2018
1012577,46,6718.75,2,2017
1012577,46,9744.75,2,2016
1012577,46,9992.25,2,2019
1012577,46,25161.9,1,2018
1012577,46,57260.4,1,2017
1012577,46,59438.9,1,2016
1012577,46,68471.2,1,2019
1012581,46,7.152,3,2018
1012581,46,9.834,3,2019
1012581,46,12.516,3,2020
1012581,46,19.668,3,2017
1012581,46,118.902,3,2016
1012581,46,2198.75,2,2020
1012581,46,2224.0,2,2018
1012581,46,2569.5,2,2019
1012581,46,2842.0,2,2017
1012581,46,2902.25,2,2016
1012581,46,13022.6,1,2018
1012581,46,19132.3,1,2019
1012581,46,21901.0,1,2020
1012581,46,37617.4,1,2016
1012581,46,37833.6,1,2017
1012588,46,30.098,3,2017
1012588,46,186.25,3,2016
1012588,46,19685.5,2,2016
1012588,46,21958.75,2,2017
1012588,46,52715.2,1,2017
1012588,46,54967.3,1,2016
1012626,46,10.132,3,2020
1012626,46,11.92,3,2021
1012626,46,11.92,3,2023
1012626,46,12.516,3,2022
1012626,46,14.006,3,2018
1012626,46,14.006,3,2019
1012626,46,14.304,3,2016
1012626,46,16.688,3,2017
1012626,46,605.75,2,2021
1012626,46,683.75,2,2020
1012626,46,775.0,2,2018
1012626,46,871.25,2,2019
1012626,46,940.0,2,2016
1012626,46,1125.25,2,2017
1012626,46,3698.5,2,2022
1012626,46,3777.0,2,2023
1012626,46,17848.4,1,2020
1012626,46,21152.5,1,2023
1012626,46,21353.5,1,2021
1012626,46,22399.4,1,2022
1012626,46,24867.6,1,2018
1012626,46,25205.1,1,2019
1012626,46,25211.4,1,2016
1012626,46,29619.2,1,2017
1012724,46,20.562,3,2016
1012724,46,43.508,3,2018
1012724,46,45.892,3,2017
1012724,46,47.084,3,2019
1012724,46,47.978,3,2020
1012724,46,58.408,3,2021
1012724,46,81.056,3,2022
1012724,46,97.744,3,2023
1012724,46,36327.0,1,2016
1012724,46,65352.6,1,2019
1012724,46,65731.3,1,2020
1012724,46,79257.1,1,2022
1012724,46,81197.5,1,2021
1012724,46,82156.6,1,2017
1012724,46,87376.3,1,2018
1012724,46,91276.2,1,2023
1012724,46,110557.25,2,2016
1012724,46,179924.5,2,2023
1012724,46,272048.75,2,2017
1012724,46,286915.25,2,2020
1012724,46,297566.75,2,2018
1012724,46,300447.25,2,2019
1012724,46,346262.25,2,2022
1012724,46,409464.75,2,2021
1013038,46,95.36,3,2017
1013038,46,120.094,3,2021
1013038,46,182.376,3,2022
1013038,46,240.188,3,2020
1013038,46,251.214,3,2023
1013038,46,270.584,3,2018
1013038,46,432.994,3,2019
1013038,46,26168.0,2,2023
1013038,46,42052.75,2,2017
1013038,46,48727.5,2,2021
1013038,46,52764.75,2,2022
1013038,46,62901.25,2,2018
1013038,46,68734.75,2,2020
1013038,46,74433.75,2,2019
1013038,46,146275.2,1,2017
1013038,46,182599.8,1,2022
1013038,46,197552.9,1,2023
1013038,46,222078.1,1,2021
1013038,46,263696.1,1,2020
1013038,46,323230.7,1,2018
1013038,46,563441.1,1,2019
1013364,1,10.25,2,2021
1013364,1,10.5,2,2020
1013364,1,11.6192961,2,2022
1013364,1,12.218,3,2021
1013364,1,12.516,3,2020
1013364,1,13.8502009512,3,2022
1013364,1,14.0,2,2019
1013364,1,16.688,3,2019
1013364,1,17.34211,2,2023
1013364,1,20.25,2,2018
1013364,1,20.67179512,3,2023
1013364,1,24.138,3,2018
1013364,1,21938.8,1,2021
1013364,1,22293.6,1,2020
1013364,1,24660.79404264,1,2022
1013364,1,29479.0,1,2019
1013364,1,36806.894264,1,2023
1013364,1,43100.2,1,2018
1013364,46,0.6270655277,3,2023
1013364,46,0.6351813769,3,2022
1013364,46,1.192,3,2018
1013364,46,7.45,3,2021
1013364,46,15.198,3,2020
1013364,46,24.138,3,2019
1013364,46,235.8886277359,2,2022
1013364,46,297.75,2,2021
1013364,46,389.75,2,2018
1013364,46,517.0,2,2019
1013364,46,1047.8558894592,2,2023
1013364,46,1262.5,2,2020
1013364,46,12851.6524294981,1,2022
1013364,46,26119.0,1,2020
1013364,46,31309.9836295165,1,2023
1013364,46,46672.4,1,2019
1013364,46,58119.5,1,2021
1013364,46,179171.2,1,2018
1013549,1,4.75,2,2021
1013549,1,5.662,3,2021
1013549,1,7.25,2,2020
1013549,1,8.642,3,2020
1013549,1,14.0,2,2019
1013549,1,15.25,2,2023
1013549,1,15.75,2,2022
1013549,1,16.688,3,2019
1013549,1,18.178,3,2023
1013549,1,18.774,3,2022
1013549,1,10226.8,1,2021
1013549,1,15238.9,1,2020
1013549,1,29793.8,1,2019
1013549,1,32266.4,1,2023
1013549,1,33583.1,1,2022
1013549,46,0.4,1,2020
1013549,46,1.2,1,2019
1013549,46,2.5,1,2021
1013549,46,2.7,1,2022
1013549,46,2.8,1,2023
1013549,46,322.75,2,2020
1013549,46,1059.75,2,2019
1013549,46,2150.75,2,2021
1013549,46,2288.25,2,2022
1013549,46,2377.75,2,2023
1013550,1,10.75,2,2021
1013550,1,11.25,2,2022
1013550,1,12.25,2,2020
1013550,1,12.5,2,2019
1013550,1,12.814,3,2021
1013550,1,13.25,2,2023
1013550,1,13.41,3,2022
1013550,1,14.602,3,2020
1013550,1,14.9,3,2019
1013550,1,15.794,3,2023
1013550,1,22649.5,1,2021
1013550,1,23857.5,1,2022
1013550,1,26078.0,1,2020
1013550,1,26622.5,1,2019
1013550,1,28241.3,1,2023
1013550,46,1.0,1,2019
1013550,46,1.2,1,2021
1013550,46,1.3,1,2020
1013550,46,1.4,1,2022
1013550,46,1.8,1,2023
1013550,46,865.5,2,2019
1013550,46,1024.25,2,2021
1013550,46,1149.5,2,2020
1013550,46,1217.25,2,2022
1013550,46,1550.0,2,2023
1013562,1,7.75,2,2022
1013562,1,8.5,2,2023
1013562,1,9.238,3,2022
1013562,1,9.25,2,2021
1013562,1,10.132,3,2023
1013562,1,10.25,2,2020
1013562,1,11.026,3,2021
1013562,1,12.218,3,2020
1013562,1,16242.8,1,2022
1013562,1,18028.2,1,2023
1013562,1,19629.4,1,2021
1013562,1,21569.9,1,2020
1013562,46,5.4,1,2020
1013562,46,8.2,1,2021
1013562,46,9.2,1,2023
1013562,46,10.2,1,2022
1013562,46,4661.25,2,2020
1013562,46,7033.5,2,2021
1013562,46,7941.5,2,2023
1013562,46,8789.25,2,2022
1013621,1,12.75,2,2019
1013621,1,14.0,2,2020
1013621,1,15.198,3,2019
1013621,1,16.688,3,2020
1013621,1,17.75,2,2021
1013621,1,21.0,2,2022
1013621,1,21.158,3,2021
1013621,1,23.5,2,2023
1013621,1,25.032,3,2022
1013621,1,28.012,3,2023
1013621,1,26941.1,1,2019
1013621,1,29699.3,1,2020
1013621,1,37418.7,1,2021
1013621,1,44637.2,1,2022
1013621,1,49978.6,1,2023
1013621,46,2.98,3,2019
1013621,46,3.874,3,2020
1013621,46,4.47,3,2021
1013621,46,5.662,3,2022
1013621,46,6.258,3,2023
1013621,46,475.75,2,2023
1013621,46,931.75,2,2020
1013621,46,1194.75,2,2021
1013621,46,1696.75,2,2019
1013621,46,2165.75,2,2022
1013621,46,9856.2,1,2020
1013621,46,10022.7,1,2019
1013621,46,17793.5,1,2021
1013621,46,29898.0,1,2022
1013621,46,46239.7,1,2023
1013739,1,8.5,2,2022
1013739,1,10.132,3,2022
1013739,1,10.5,2,2023
1013739,1,11.25,2,2021
1013739,1,12.516,3,2023
1013739,1,12.75,2,2019
1013739,1,13.41,3,2021
1013739,1,15.198,3,2019
1013739,1,16.75,2,2020
1013739,1,19.966,3,2020
1013739,1,18059.4,1,2022
1013739,1,22115.2,1,2023
1013739,1,24052.3,1,2021
1013739,1,27220.6,1,2019
1013739,1,35616.3,1,2020
1013739,46,5.066,3,2022
1013739,46,221.8,1,2019
1013739,46,649.0,2,2021
1013739,46,1092.8,1,2021
1013739,46,1130.2,1,2020
1013739,46,1749.25,2,2019
1013739,46,2209.5,2,2022
1013739,46,2780.25,2,2020
1013739,46,4722.25,2,2023
1013739,46,7805.7,1,2022
1013739,46,7918.1,1,2023
1013774,1,8.75,2,2021
1013774,1,10.43,3,2021
1013774,1,12.0,2,2020
1013774,1,14.304,3,2020
1013774,1,16.75,2,2022
1013774,1,17.0,2,2019
1013774,1,19.966,3,2022
1013774,1,20.264,3,2019
1013774,1,21.0,2,2023
1013774,1,25.032,3,2023
1013774,1,18496.4,1,2021
1013774,1,25566.6,1,2020
1013774,1,35639.5,1,2022
1013774,1,35899.2,1,2019
1013774,1,44481.1,1,2023
1013774,46,3.576,3,2021
1013774,46,4.47,3,2019
1013774,46,4.47,3,2020
1013774,46,10.132,3,2022
1013774,46,12.218,3,2023
1013774,46,1449.25,2,2020
1013774,46,1715.5,2,2021
1013774,46,3007.0,2,2022
1013774,46,6320.75,2,2023
1013774,46,15563.5,2,2019
1013774,46,22757.7,1,2019
1013774,46,23090.6,1,2020
1013774,46,26508.0,1,2021
1013774,46,53166.4,1,2022
1013774,46,66280.7,1,2023
1013826,1,4.75,2,2023
1013826,1,5.25,2,2022
1013826,1,5.662,3,2023
1013826,1,6.258,3,2022
1013826,1,10.0,2,2021
1013826,1,11.92,3,2021
1013826,1,15.5,2,2020
1013826,1,18.476,3,2020
1013826,1,9898.8,1,2023
1013826,1,11169.3,1,2022
1013826,1,21425.2,1,2021
1013826,1,32723.2,1,2020
1013826,46,3.4,1,2022
1013826,46,3.5,1,2020
1013826,46,5.7,1,2021
1013826,46,6.8,1,2023
1013826,46,2912.75,2,2022
1013826,46,3010.5,2,2020
1013826,46,4873.0,2,2021
1013826,46,5877.5,2,2023
1013827,1,7.0,2,2021
1013827,1,8.344,3,2021
1013827,1,9.5,2,2022
1013827,1,11.324,3,2022
1013827,1,12.5,2,2020
1013827,1,14.25,2,2023
1013827,1,14.9,3,2020
1013827,1,16.986,3,2023
1013827,1,14636.3,1,2021
1013827,1,20115.6,1,2022
1013827,1,26499.9,1,2020
1013827,1,30174.4,1,2023
1013827,46,2.7,1,2020
1013827,46,3.2,1,2022
1013827,46,3.3,1,2021
1013827,46,3.6,1,2023
1013827,46,2333.25,2,2020
1013827,46,2774.75,2,2022
1013827,46,2858.0,2,2021
1013827,46,3124.5,2,2023
1013845,46,46.786,3,2015
1013845,46,53.044,3,2016
1013845,46,65.56,3,2017
1013845,46,84.036,3,2018
1013845,46,127.842,3,2019
1013845,46,163.304,3,2020
1013845,46,620.734,3,2021
1013845,46,673.48,3,2022
1013845,46,893.702,3,2023
1013845,46,82513.5,1,2015
1013845,46,98612.5,2,2016
1013845,46,102497.3,1,2016
1013845,46,109804.0,2,2017
1013845,46,115684.5,2,2020
1013845,46,127274.3,1,2017
1013845,46,131822.0,2,2015
1013845,46,143121.5,2,2023
1013845,46,150437.0,2,2021
1013845,46,152233.25,2,2018
1013845,46,152625.25,2,2022
1013845,46,160089.5,2,2019
1013845,46,164045.1,1,2018
1013845,46,250499.4,1,2019
1013845,46,320686.9,1,2020
1013845,46,621741.7,1,2022
1013845,46,645586.3,1,2021
1013845,46,810672.8,1,2023
1013937,46,15.198,3,2020
1013937,46,26.224,3,2021
1013937,46,27.714,3,2022
1013937,46,41.124,3,2023
1013937,46,1752.25,2,2020
1013937,46,3989.5,2,2022
1013937,46,4676.0,2,2023
1013937,46,31138.6,1,2020
1013937,46,37455.25,2,2021
1013937,46,53453.2,1,2021
1013937,46,54530.8,1,2022
1013937,46,77970.7,1,2023
1013964,46,5.066,3,2023
1013964,46,23.244,3,2016
1013964,46,24.734,3,2017
1013964,46,25.926,3,2018
1013964,46,27.416,3,2019
1013964,46,31.886,3,2020
1013964,46,37.25,3,2022
1013964,46,42.316,3,2021
1013964,46,910.5,2,2023
1013964,46,11461.2,1,2023
1013964,46,13789.0,2,2022
1013964,46,15892.25,2,2016
1013964,46,15925.25,2,2021
1013964,46,16885.5,2,2017
1013964,46,17582.5,2,2018
1013964,46,18075.5,2,2020
1013964,46,18736.75,2,2019
1013964,46,47107.7,1,2016
1013964,46,50394.2,1,2017
1013964,46,52585.3,1,2018
1013964,46,55871.9,1,2019
1013964,46,64952.8,1,2020
1013964,46,79580.0,1,2021
1013964,46,86696.7,1,2022
1014383,46,9.834,3,2021
1014383,46,192.25,2,2021
1014383,46,17471.2,1,2021
1014396,1,15.0,2,2021
1014396,1,17.88,3,2021
1014396,1,18.75,2,2023
1014396,1,22.35,3,2023
1014396,1,29.5,2,2022
1014396,1,35.164,3,2022
1014396,1,31924.4,1,2021
1014396,1,39964.8,1,2023
1014396,1,62684.6,1,2022
1014396,46,1.49,3,2021
1014396,46,2.682,3,2022
1014396,46,11.92,3,2023
1014396,46,627.0,2,2021
1014396,46,690.75,2,2022
1014396,46,2713.9,1,2021
1014396,46,5072.1,1,2022
1014396,46,11416.5,2,2023
1014396,46,21654.6,1,2023
1014467,1,28.75,2,2022
1014467,1,31.75,2,2023
1014467,1,34.27,3,2022
1014467,1,37.846,3,2023
1014467,1,61054.7,1,2022
1014467,1,67125.5,1,2023
1014467,46,0.596,3,2023
1014467,46,1.192,3,2022
1014467,46,716.3,1,2022
1014467,46,928.3,1,2023
1014467,46,944.75,2,2023
1014467,46,1208.5,2,2022
1014467,54,,1,2021
1014467,54,,1,2022
1014467,54,,1,2023
1014673,1,10.75,2,2022
1014673,1,12.814,3,2022
1014673,1,13.5,2,2023
1014673,1,16.092,3,2023
1014673,1,22566.0,1,2022
1014673,1,28837.5,1,2023
1014673,46,4.172,3,2022
1014673,46,3064.25,2,2023
1014673,46,7982.0,2,2022
1014673,46,12864.0,1,2022
1014673,46,101470.3,1,2023
1014727,46,22.648,3,2023
1014727,46,24.734,3,2022
1014727,46,37.25,3,2021
1014727,46,46.488,3,2020
1014727,46,139.464,3,2019
1014727,46,155.258,3,2018
1014727,46,7468.75,2,2022
1014727,46,8110.75,2,2023
1014727,46,9767.5,2,2021
1014727,46,10008.0,2,2020
1014727,46,26683.0,2,2019
1014727,46,27060.5,2,2018
1014727,46,37406.7,1,2023
1014727,46,46122.6,1,2022
1014727,46,69498.5,1,2021
1014727,46,76264.0,1,2020
1014727,46,226691.3,1,2019
1014727,46,248120.6,1,2018
1014815,1,15.800926335,2,2023
1014815,1,18.8347041913,3,2023
1014815,1,33535.886053404,1,2023
1014815,46,16.4588318436,3,2023
1014815,46,5184.9914599262,2,2023
1014815,46,33289.3255751698,1,2023
1014815,54,,1,2023
1014869,46,39.038,3,2023
1014869,46,1891.25,2,2023
1014869,46,69714.0,1,2023
1014894,1,1.5,2,2023
1014894,1,1.788,3,2023
1014894,1,3095.6,1,2023
1014894,46,26.5,1,2023
1014894,46,22989.25,2,2023
